-14354.342,-5525475.594,3175112.878
-14352.683,-5525470.207,3175122.205
-14350.997,-5525464.833,3175131.506
-14349.299,-5525459.462,3175140.797
-14347.575,-5525454.1,3175150.07
-14345.842,-5525448.783,3175159.264
-14344.149,-5525443.517,3175168.389
-14342.514,-5525438.254,3175177.484
-14340.894,-5525433.008,3175186.574
-14339.307,-5525427.762,3175195.643
-14337.737,-5525422.514,3175204.716
-14336.196,-5525417.264,3175213.792
-14334.66,-5525412.022,3175222.866
-14333.091,-5525406.77,3175231.947
-14331.497,-5525401.516,3175241.026
-14070.182,-5524551.838,3176710.404
-14068.753,-5524546.72,3176719.267
-14067.297,-5524541.598,3176728.127
-14065.805,-5524536.473,3176737
-14064.277,-5524531.326,3176745.919
-14062.712,-5524526.155,3176754.845
-14061.104,-5524520.975,3176763.787
-14059.491,-5524515.803,3176772.746
-14057.88,-5524510.617,3176781.7
-14056.283,-5524505.446,3176790.659
-14054.694,-5524500.282,3176799.599
-14053.118,-5524495.11,3176808.537
-14051.552,-5524489.951,3176817.456
-14049.993,-5524484.792,3176826.365
-14048.443,-5524479.645,3176835.268
-14046.894,-5524474.5,3176844.156
-14045.357,-5524469.359,3176853.037
-14043.777,-5524464.231,3176861.896
-14042.155,-5524459.127,3176870.739
-14040.513,-5524454.036,3176879.558
-14038.882,-5524448.947,3176888.357
-14037.252,-5524443.869,3176897.121
-14035.63,-5524438.798,3176905.876
-14034.012,-5524433.745,3176914.626
-14032.388,-5524428.69,3176923.362
-14030.764,-5524423.637,3176932.091
-14029.147,-5524418.588,3176940.815
-14027.559,-5524413.539,3176949.538
-14025.995,-5524408.481,3176958.29
-14024.463,-5524403.402,3176967.068
-14022.942,-5524398.288,3176975.889
-14021.429,-5524393.138,3176984.8
-14019.915,-5524387.946,3176993.766
-14018.406,-5524382.734,3177002.79
-14016.901,-5524377.498,3177011.836
-14015.427,-5524372.242,3177020.917
-14013.968,-5524366.978,3177030.016
-14012.486,-5524361.704,3177039.12
-14010.976,-5524356.443,3177048.22
-14009.463,-5524351.194,3177057.308
-14007.959,-5524345.939,3177066.39
-14006.388,-5524340.694,3177075.456
-14004.717,-5524335.456,3177084.52
-14003.009,-5524330.215,3177093.584
-14001.296,-5524324.963,3177102.653
-13999.583,-5524319.706,3177111.731
-13997.871,-5524314.45,3177120.821
-13996.173,-5524309.196,3177129.915
-13994.516,-5524303.931,3177139.014
-13992.886,-5524298.658,3177148.126
-13991.277,-5524293.373,3177157.234
-13989.691,-5524288.093,3177166.358
-13988.121,-5524282.827,3177175.482
-13986.575,-5524277.529,3177184.602
-13985.043,-5524272.242,3177193.73
-13983.526,-5524266.968,3177202.858
-13982.02,-5524261.696,3177211.977
-13980.462,-5524256.436,3177221.076
-13978.838,-5524251.184,3177230.167
-13977.181,-5524245.932,3177239.241
-13975.509,-5524240.692,3177248.31
-13973.821,-5524235.456,3177257.36
-13972.128,-5524230.23,3177266.391
-13970.427,-5524225.006,3177275.396
-13968.713,-5524219.79,3177284.385
-13966.997,-5524214.59,3177293.411
-13965.297,-5524209.368,3177302.454
-13963.617,-5524204.112,3177311.511
-13961.949,-5524198.859,3177320.592
-13960.303,-5524193.565,3177329.671
-13958.664,-5524188.295,3177338.769
-13957.029,-5524183.014,3177347.873
-13955.39,-5524177.735,3177357.002
-13953.762,-5524172.451,3177366.132
-13952.136,-5524167.162,3177375.265
-13950.512,-5524161.884,3177384.403
-13948.875,-5524156.598,3177393.534
-13940.699,-5524130.211,3177439.11
-13939.091,-5524124.946,3177448.203
-13935.905,-5524114.439,3177466.36
-13934.332,-5524109.188,3177475.432
-13932.783,-5524103.947,3177484.491
-13926.592,-5524083.007,3177520.683
-13925.039,-5524077.789,3177529.715
-13923.487,-5524072.577,3177538.74
-13921.924,-5524067.383,3177547.748
-13920.334,-5524062.23,3177556.766
-13918.743,-5524057.091,3177565.765
-13917.167,-5524051.958,3177574.764
-13915.604,-5524046.847,3177583.739
-13839.769,-5523799.709,3178010.753
-13837.812,-5523793.224,3178021.823
-13835.951,-5523786.745,3178032.9
-13834.098,-5523780.26,3178044.016
-13832.201,-5523773.734,3178055.227
-13830.26,-5523767.179,3178066.539
-13828.307,-5523760.576,3178077.929
-13826.803,-5523755.598,3178086.532
-13825.266,-5523750.583,3178095.183
-13823.718,-5523745.561,3178103.863
-13822.169,-5523740.531,3178112.565
-13820.61,-5523735.48,3178121.278
-13819.033,-5523730.422,3178130.007
-13817.454,-5523725.369,3178138.749
-13815.875,-5523720.317,3178147.494
-13814.296,-5523715.247,3178156.241
-13812.742,-5523710.179,3178164.99
-13811.224,-5523705.105,3178173.734
-13809.712,-5523700.042,3178182.475
-13808.153,-5523694.996,3178191.205
-13806.58,-5523689.938,3178199.926
-13804.985,-5523684.891,3178208.638
-13803.376,-5523679.842,3178217.342
-13801.757,-5523674.812,3178226.057
-13800.129,-5523669.78,3178234.75
-13798.498,-5523664.755,3178243.448
-13796.871,-5523659.719,3178252.142
-13795.262,-5523654.679,3178260.841
-13793.654,-5523649.645,3178269.566
-13792.055,-5523644.588,3178278.293
-13790.456,-5523639.52,3178287.042
-13788.871,-5523634.446,3178295.817
-13787.288,-5523629.358,3178304.622
-13785.69,-5523624.254,3178313.443
-13784.089,-5523619.15,3178322.274
-13782.495,-5523614.023,3178331.127
-13780.909,-5523608.888,3178340.001
-13779.33,-5523603.73,3178348.905
-13777.751,-5523598.572,3178357.83
-13776.171,-5523593.409,3178366.772
-13774.587,-5523588.224,3178375.722
-13772.986,-5523583.034,3178384.685
-13771.373,-5523577.836,3178393.646
-13769.747,-5523572.648,3178402.625
-13768.123,-5523567.46,3178411.6
-13766.502,-5523562.258,3178420.577
-13764.884,-5523557.065,3178429.553
-13763.273,-5523551.86,3178438.536
-13761.669,-5523546.665,3178447.527
-13760.066,-5523541.457,3178456.518
-13758.476,-5523536.254,3178465.51
-13756.893,-5523531.036,3178474.511
-13755.306,-5523525.814,3178483.53
-13753.689,-5523520.582,3178492.581
-13752.075,-5523515.34,3178501.669
-13750.479,-5523510.048,3178510.79
-13748.897,-5523504.738,3178519.953
-13747.317,-5523499.396,3178529.173
-13745.745,-5523494.026,3178538.464
-13744.165,-5523488.626,3178547.806
-13742.586,-5523483.185,3178557.211
-13740.988,-5523477.695,3178566.676
-13739.363,-5523472.189,3178576.193
-13737.732,-5523466.656,3178585.756
-13736.09,-5523461.103,3178595.347
-13734.456,-5523455.532,3178604.977
-13732.794,-5523449.942,3178614.617
-13731.101,-5523444.342,3178624.29
-13729.389,-5523438.716,3178633.979
-13727.656,-5523433.103,3178643.691
-13725.9,-5523427.46,3178653.437
-13724.129,-5523421.806,3178663.209
-13722.333,-5523416.128,3178673.013
-13720.537,-5523410.429,3178682.849
-13718.748,-5523404.725,3178692.711
-13716.962,-5523399.012,3178702.581
-13715.171,-5523393.292,3178712.445
-13713.382,-5523387.579,3178722.324
-13711.584,-5523381.863,3178732.211
-13709.787,-5523376.13,3178742.118
-13707.983,-5523370.37,3178752.051
-13706.169,-5523364.613,3178761.997
-13704.36,-5523358.857,3178771.965
-13702.561,-5523353.063,3178781.939
-13700.771,-5523347.289,3178791.904
-13698.987,-5523341.539,3178801.863
-13697.221,-5523335.783,3178811.808
-13695.464,-5523330.033,3178821.74
-13693.718,-5523324.281,3178831.661
-13692.003,-5523318.548,3178841.563
-13690.295,-5523312.822,3178851.446
-13688.581,-5523307.129,3178861.313
-13686.874,-5523301.439,3178871.15
-13685.169,-5523295.727,3178880.99
-13683.456,-5523290.021,3178890.857
-13681.747,-5523284.301,3178900.726
-13680.019,-5523278.583,3178910.609
-13678.269,-5523272.854,3178920.5
-13676.504,-5523267.131,3178930.386
-13674.734,-5523261.399,3178940.286
-13672.957,-5523255.666,3178950.171
-13671.193,-5523249.951,3178960.051
-13669.436,-5523244.233,3178969.913
-13667.68,-5523238.533,3178979.754
-13665.931,-5523232.864,3178989.572
-13664.188,-5523227.222,3178999.305
-13662.465,-5523221.627,3179008.956
-13660.748,-5523216.06,3179018.564
-13659.034,-5523210.487,3179028.166
-13657.323,-5523204.911,3179037.799
-13655.615,-5523199.343,3179047.427
-13653.914,-5523193.8,3179057
-13652.223,-5523188.309,3179066.489
-13650.534,-5523182.837,3179075.929
-13648.84,-5523177.392,3179085.341
-13647.15,-5523171.97,3179094.687
-13645.471,-5523166.616,3179103.936
-13643.8,-5523161.319,3179113.091
-13642.14,-5523156.052,3179122.164
-13640.496,-5523150.807,3179131.226
-13638.882,-5523145.575,3179140.24
-13637.275,-5523140.374,3179149.228
-13635.681,-5523135.185,3179158.19
-13634.091,-5523129.998,3179167.135
-13632.503,-5523124.825,3179176.071
-13630.926,-5523119.643,3179185.007
-13629.349,-5523114.454,3179193.942
-13627.772,-5523109.283,3179202.878
-13626.203,-5523104.12,3179211.807
-13624.638,-5523098.963,3179220.713
-13623.081,-5523093.812,3179229.596
-13621.533,-5523088.69,3179238.463
-13619.987,-5523083.567,3179247.3
-13618.444,-5523078.451,3179256.124
-13616.91,-5523073.359,3179264.926
-13615.376,-5523068.272,3179273.719
-13613.847,-5523063.162,3179282.523
-13612.314,-5523058.032,3179291.371
-13610.786,-5523052.899,3179300.268
-13609.264,-5523047.73,3179309.195
-13607.745,-5523042.548,3179318.141
-13606.222,-5523037.364,3179327.105
-13604.699,-5523032.175,3179336.076
-13603.151,-5523026.973,3179345.042
-13601.552,-5523021.784,3179354.015
-13599.926,-5523016.568,3179363.015
-13598.284,-5523011.32,3179372.052
-13596.638,-5523006.063,3179381.141
-13594.986,-5523000.774,3179390.281
-13593.337,-5522995.476,3179399.464
-13591.682,-5522990.119,3179408.668
-13590.027,-5522984.755,3179417.916
-13588.367,-5522979.387,3179427.213
-13586.696,-5522973.989,3179436.514
-13585.032,-5522968.598,3179445.84
-13583.358,-5522963.193,3179455.178
-13581.673,-5522957.764,3179464.531
-13579.981,-5522952.338,3179473.897
-13578.28,-5522946.911,3179483.283
-13576.552,-5522941.491,3179492.653
-13574.792,-5522936.087,3179501.994
-13573.012,-5522930.706,3179511.293
-13571.267,-5522925.366,3179520.519
-13569.605,-5522920.073,3179529.655
-13568.037,-5522914.817,3179538.733
-13566.551,-5522909.571,3179547.802
-13565.08,-5522904.339,3179556.858
-13563.625,-5522899.116,3179565.868
-13562.108,-5522893.918,3179574.846
-13560.51,-5522888.736,3179583.79
-13558.889,-5522883.554,3179592.721
-13557.259,-5522878.376,3179601.66
-13555.671,-5522873.176,3179610.636
-13554.127,-5522867.967,3179619.631
-13552.627,-5522862.732,3179628.633
-13551.116,-5522857.516,3179637.63
-13549.554,-5522852.314,3179646.644
-13547.998,-5522847.092,3179655.668
-13546.452,-5522841.836,3179664.744
-13544.902,-5522836.538,3179673.885
-13543.353,-5522831.201,3179683.078
-13541.775,-5522825.861,3179692.31
-13540.199,-5522820.493,3179701.572
-13538.562,-5522815.122,3179710.858
-13536.887,-5522809.731,3179720.155
-13535.219,-5522804.338,3179729.453
-13533.545,-5522798.974,3179738.732
-13531.89,-5522793.62,3179747.982
-13530.234,-5522788.272,3179757.215
-13528.539,-5522782.94,3179766.428
-13526.825,-5522777.624,3179775.615
-13525.117,-5522772.302,3179784.794
-13523.416,-5522766.982,3179793.977
-13521.716,-5522761.64,3179803.188
-13520.004,-5522756.297,3179812.411
-13518.28,-5522750.955,3179821.652
-13516.547,-5522745.604,3179830.889
-13514.823,-5522740.252,3179840.134
-13513.098,-5522734.89,3179849.382
-13511.386,-5522729.537,3179858.628
-13509.65,-5522724.192,3179867.849
-13507.889,-5522718.842,3179877.063
-13506.184,-5522713.49,3179886.288
-13504.547,-5522708.143,3179895.53
-13502.949,-5522702.793,3179904.759
-13501.373,-5522697.449,3179913.982
-13499.801,-5522692.109,3179923.198
-13498.235,-5522686.771,3179932.423
-13496.667,-5522681.425,3179941.652
-13491.909,-5522665.228,3179969.554
-13489.246,-5522656.144,3179985.216
-13487.625,-5522650.681,3179994.628
-13485.983,-5522645.215,3180004.067
-13484.342,-5522639.742,3180013.514
-13482.702,-5522634.262,3180022.975
-13481.091,-5522628.776,3180032.435
-13479.467,-5522623.281,3180041.91
-13477.779,-5522617.793,3180051.385
-13476.053,-5522612.29,3180060.864
-13472.591,-5522601.306,3180079.821
-13470.875,-5522595.802,3180089.32
-13453.937,-5522540.402,3180184.95
-13447.039,-5522517.825,3180223.93
-13445.356,-5522512.086,3180233.828
-13441.855,-5522500.496,3180253.833
-13440.046,-5522494.658,3180263.915
-13438.253,-5522488.8,3180274.038
-13434.667,-5522476.989,3180294.408
-13432.845,-5522471.043,3180304.675
-13427.339,-5522453.145,3180335.563
-13425.521,-5522447.177,3180345.871
-13423.685,-5522441.216,3180356.167
-13421.839,-5522435.266,3180366.46
-13419.965,-5522429.292,3180376.748
-13418.092,-5522423.329,3180387.037
-13416.222,-5522417.382,3180397.33
-13414.372,-5522411.422,3180407.621
-13412.532,-5522405.467,3180417.917
-13410.701,-5522399.498,3180428.202
-13408.88,-5522393.536,3180438.501
-13407.065,-5522387.574,3180448.784
-13405.255,-5522381.613,3180459.079
-13403.426,-5522375.644,3180469.365
-13401.569,-5522369.692,3180479.648
-13399.701,-5522363.741,3180489.917
-13397.829,-5522357.78,3180500.177
-13395.952,-5522351.848,3180510.441
-13394.07,-5522345.917,3180520.689
-13392.18,-5522339.98,3180530.917
-13390.313,-5522334.061,3180541.14
-13388.452,-5522328.137,3180551.351
-13386.614,-5522322.225,3180561.549
-13384.784,-5522316.317,3180571.739
-13381.129,-5522304.535,3180592.078
-13379.318,-5522298.668,3180602.216
-13377.52,-5522292.811,3180612.33
-13375.73,-5522286.992,3180622.359
-13373.933,-5522281.226,3180632.285
-13372.159,-5522275.528,3180642.12
-13370.447,-5522269.9,3180651.856
-13368.782,-5522264.284,3180661.551
-13367.127,-5522258.688,3180671.211
-13365.465,-5522253.119,3180680.846
-13363.761,-5522247.553,3180690.46
-13362.111,-5522241.987,3180700.068
-13360.477,-5522236.443,3180709.651
-13358.838,-5522230.886,3180719.208
-13357.197,-5522225.328,3180728.795
-13355.572,-5522219.762,3180738.416
-13353.965,-5522214.145,3180748.091
-13352.378,-5522208.522,3180757.808
-13350.757,-5522202.882,3180767.537
-13349.095,-5522197.247,3180777.285
-13347.412,-5522191.602,3180787.028
-13345.718,-5522185.947,3180796.784
-13343.998,-5522180.3,3180806.539
-13342.239,-5522174.656,3180816.282
-13340.452,-5522169.001,3180826.02
-13338.645,-5522163.365,3180835.735
-13336.834,-5522157.741,3180845.449
-13335.018,-5522152.127,3180855.147
-13333.207,-5522146.517,3180864.837
-13331.399,-5522140.892,3180874.535
-13329.592,-5522135.262,3180884.233
-13327.803,-5522129.627,3180893.955
-13326.035,-5522123.986,3180903.689
-13324.299,-5522118.342,3180913.447
-13322.576,-5522112.691,3180923.217
-13320.868,-5522107.016,3180932.995
-13319.165,-5522101.341,3180942.792
-13317.455,-5522095.657,3180952.585
-13315.746,-5522089.975,3180962.402
-13314.038,-5522084.271,3180972.23
-13312.32,-5522078.549,3180982.079
-13310.605,-5522072.814,3180991.984
-13308.945,-5522067.037,3181001.927
-13307.272,-5522061.258,3181011.887
-13305.569,-5522055.48,3181021.876
-13303.808,-5522049.679,3181031.872
-13302.021,-5522043.874,3181041.881
-13300.199,-5522038.059,3181051.916
-13298.373,-5522032.224,3181061.974
-13265.48,-5521925.443,3181246.239
-13259.977,-5521907.559,3181277.093
-13258.139,-5521901.608,3181287.357
-13254.482,-5521889.715,3181307.864
-13252.662,-5521883.776,3181318.112
-13250.855,-5521877.821,3181328.383
-13249.043,-5521871.852,3181338.703
-13247.234,-5521865.853,3181349.05
-13245.424,-5521859.849,3181359.447
-13243.618,-5521853.818,3181369.865
-13241.811,-5521847.761,3181380.303
-13240.004,-5521841.69,3181390.758
-13238.189,-5521835.6,3181401.235
-13232.684,-5521817.293,3181432.813
-13230.786,-5521811.187,3181443.353
-13228.852,-5521805.085,3181453.905
-13226.908,-5521798.97,3181464.458
-13224.952,-5521792.866,3181474.997
-13223.004,-5521786.795,3181485.474
-13221.079,-5521780.777,3181495.852
-13219.184,-5521774.806,3181506.134
-13217.301,-5521768.879,3181516.361
-13215.435,-5521762.961,3181526.563
-13213.58,-5521757.045,3181536.748
-13209.953,-5521745.243,3181557.119
-13208.184,-5521739.351,3181567.294
-13206.423,-5521733.462,3181577.454
-13204.667,-5521727.592,3181587.607
-13202.901,-5521721.715,3181597.736
-13201.1,-5521715.847,3181607.853
-13199.284,-5521710.003,3181617.949
-13197.469,-5521704.154,3181628.033
-13195.659,-5521698.304,3181638.114
-13193.844,-5521692.454,3181648.21
-13192.033,-5521686.604,3181658.319
-13190.232,-5521680.724,3181668.432
-13188.444,-5521674.863,3181678.547
-13186.663,-5521669.017,3181688.65
-13184.895,-5521663.161,3181698.745
-13183.13,-5521657.333,3181708.834
-13181.396,-5521651.541,3181718.827
-13179.672,-5521645.783,3181728.748
-13177.947,-5521640.034,3181738.653
-13176.215,-5521634.294,3181748.558
-13174.487,-5521628.541,3181758.474
-13172.757,-5521622.78,3181768.416
-13171.013,-5521617.002,3181778.384
-13169.254,-5521611.215,3181788.375
-13167.485,-5521605.418,3181798.385
-13165.723,-5521599.602,3181808.405
-13163.94,-5521593.788,3181818.431
-13162.165,-5521587.965,3181828.463
-13160.382,-5521582.149,3181838.515
-13158.6,-5521576.332,3181848.545
-13156.812,-5521570.518,3181858.576
-13155.04,-5521564.707,3181868.602
-13153.284,-5521558.897,3181878.63
-13151.545,-5521553.085,3181888.642
-13149.813,-5521547.291,3181898.657
-13148.086,-5521541.493,3181908.657
-13146.369,-5521535.7,3181918.646
-13144.645,-5521529.918,3181928.638
-13142.922,-5521524.125,3181938.625
-13141.189,-5521518.346,3181948.593
-13139.421,-5521512.587,3181958.548
-13137.626,-5521506.809,3181968.489
-13135.84,-5521501.045,3181978.43
-13134.076,-5521495.264,3181988.365
-13132.31,-5521489.512,3181998.309
-13130.558,-5521483.748,3182008.265
-13128.81,-5521477.98,3182018.206
-13127.064,-5521472.207,3182028.163
-13125.314,-5521466.443,3182038.122
-13123.555,-5521460.67,3182048.072
-13121.773,-5521454.906,3182058.036
-13119.979,-5521449.129,3182067.987
-13118.168,-5521443.362,3182077.942
-13116.366,-5521437.592,3182087.891
-13114.555,-5521431.83,3182097.834
-13112.758,-5521426.054,3182107.759
-13110.969,-5521420.304,3182117.717
-13109.172,-5521414.53,3182127.666
-13107.371,-5521408.741,3182137.624
-13105.566,-5521402.962,3182147.602
-13103.753,-5521397.17,3182157.596
-13101.947,-5521391.349,3182167.591
-13100.135,-5521385.547,3182177.604
-13098.335,-5521379.756,3182187.624
-13096.549,-5521373.949,3182197.628
-13094.77,-5521368.14,3182207.629
-13093.005,-5521362.336,3182217.638
-13091.241,-5521356.53,3182227.641
-13089.486,-5521350.752,3182237.638
-13087.733,-5521344.955,3182247.638
-13085.972,-5521339.167,3182257.64
-13084.222,-5521333.367,3182267.645
-13082.464,-5521327.559,3182277.65
-13080.7,-5521321.76,3182287.662
-13078.943,-5521315.959,3182297.65
-13077.184,-5521310.172,3182307.631
-13075.43,-5521304.399,3182317.59
-13073.66,-5521298.633,3182327.528
-13071.903,-5521292.858,3182337.486
-13070.151,-5521287.077,3182347.444
-13068.411,-5521281.292,3182357.422
-13066.672,-5521275.497,3182367.423
-13064.954,-5521269.69,3182377.437
-13063.223,-5521263.882,3182387.458
-13061.471,-5521258.068,3182397.479
-13059.693,-5521252.265,3182407.504
-13057.911,-5521246.454,3182417.524
-13056.134,-5521240.642,3182427.53
-13054.365,-5521234.843,3182437.537
-13052.594,-5521229.039,3182447.543
-13050.824,-5521223.238,3182457.518
-13049.039,-5521217.478,3182467.47
-13047.256,-5521211.731,3182477.396
-13045.487,-5521205.988,3182487.294
-13043.719,-5521200.269,3182497.165
-13041.948,-5521194.56,3182507.01
-13040.19,-5521188.858,3182516.849
-13038.426,-5521183.142,3182526.712
-13036.667,-5521177.389,3182536.608
-13034.908,-5521171.648,3182546.487
-13033.163,-5521165.957,3182556.291
-13031.42,-5521160.328,3182565.999
-13029.695,-5521154.723,3182575.649
-13027.957,-5521149.133,3182585.314
-13026.223,-5521143.516,3182595.014
-13024.484,-5521137.879,3182604.745
-13022.741,-5521132.231,3182614.503
-13021.006,-5521126.574,3182624.289
-13019.272,-5521120.888,3182634.072
-13017.542,-5521115.203,3182643.857
-13015.81,-5521109.532,3182653.657
-13014.093,-5521103.853,3182663.428
-13012.364,-5521098.181,3182673.194
-13010.639,-5521092.524,3182682.945
-13008.916,-5521086.877,3182692.696
-13007.198,-5521081.245,3182702.463
-13005.482,-5521075.615,3182712.256
-13003.746,-5521069.948,3182722.128
-13002.009,-5521064.233,3182732.098
-13000.266,-5521058.531,3182742.129
-12827.211,-5520495.252,3183713.107
-12825.361,-5520489.097,3183723.531
-12823.519,-5520482.956,3183733.972
-12821.691,-5520476.818,3183744.433
-12819.881,-5520470.7,3183754.911
-12818.083,-5520464.599,3183765.388
-12816.299,-5520458.515,3183775.876
-12814.521,-5520452.439,3183786.347
-12812.741,-5520446.373,3183796.794
-12810.953,-5520440.342,3183807.19
-12809.147,-5520434.367,3183817.476
-12807.316,-5520428.419,3183827.733
-12805.484,-5520422.476,3183837.99
-12803.65,-5520416.539,3183848.237
-12801.819,-5520410.604,3183858.466
-12799.986,-5520404.665,3183868.69
-12798.17,-5520398.721,3183878.905
-12796.381,-5520392.796,3183889.122
-12794.617,-5520386.877,3183899.335
-12792.838,-5520380.97,3183909.516
-12791.036,-5520375.074,3183919.673
-12789.22,-5520369.212,3183929.789
-12787.411,-5520363.363,3183939.873
-12785.618,-5520357.514,3183949.96
-12783.832,-5520351.644,3183960.072
-12782.045,-5520345.743,3183970.185
-12780.256,-5520339.858,3183980.335
-12778.461,-5520333.975,3183990.482
-12776.661,-5520328.085,3184000.616
-12774.849,-5520322.211,3184010.743
-12771.327,-5520310.416,3184031.106
-12769.55,-5520304.474,3184041.357
-12767.748,-5520298.509,3184051.609
-12765.926,-5520292.572,3184061.866
-12764.131,-5520286.6,3184072.152
-12762.375,-5520280.608,3184082.499
-12760.619,-5520274.584,3184092.863
-12758.842,-5520268.554,3184103.238
-12757.025,-5520262.544,3184113.606
-12755.172,-5520256.572,3184123.91
-12753.31,-5520250.64,3184134.108
-12751.447,-5520244.752,3184144.266
-12749.586,-5520238.888,3184154.38
-12747.741,-5520233.038,3184164.454
-12745.914,-5520227.215,3184174.504
-12744.098,-5520221.393,3184184.533
-12742.296,-5520215.584,3184194.535
-12740.494,-5520209.796,3184204.521
-12738.697,-5520204.006,3184214.496
-12736.901,-5520198.229,3184224.464
-12735.102,-5520192.437,3184234.439
-12733.299,-5520186.642,3184244.426
-12731.515,-5520180.853,3184254.402
-12729.751,-5520175.066,3184264.373
-12728.006,-5520169.267,3184274.36
-12726.273,-5520163.449,3184284.384
-12724.561,-5520157.613,3184294.432
-12722.783,-5520151.772,3184304.499
-12720.935,-5520145.915,3184314.58
-12719.05,-5520140.069,3184324.659
-12717.172,-5520134.21,3184334.741
-12715.294,-5520128.371,3184344.821
-12713.435,-5520122.523,3184354.887
-12711.595,-5520116.683,3184364.941
-12704.984,-5520095.361,3184401.639
-12698.378,-5520074.209,3184438.083
-12696.637,-5520068.575,3184447.809
-12694.944,-5520062.983,3184457.437
-12691.691,-5520051.907,3184476.503
-12690.073,-5520046.339,3184486.098
-12686.841,-5520035.169,3184505.361
-12685.178,-5520029.613,3184514.946
-12683.495,-5520024.107,3184524.439
-12681.805,-5520018.63,3184533.87
-12680.114,-5520013.171,3184543.291
-12678.459,-5520007.723,3184552.689
-12676.829,-5520002.276,3184562.066
-12675.195,-5519996.83,3184571.454
-12673.544,-5519991.365,3184580.854
-12671.843,-5519985.913,3184590.265
-12670.11,-5519980.452,3184599.682
-12668.377,-5519974.997,3184609.102
-12666.683,-5519969.51,3184618.524
-12665.023,-5519964.005,3184627.987
-12663.354,-5519958.499,3184637.508
-12661.655,-5519952.966,3184647.036
-12659.94,-5519947.446,3184656.588
-12658.216,-5519941.9,3184666.141
-12656.48,-5519936.332,3184675.682
-12654.748,-5519930.77,3184685.277
-12653.032,-5519925.193,3184694.903
-12651.343,-5519919.568,3184704.571
-12649.667,-5519913.923,3184714.297
-12647.999,-5519908.274,3184724.056
-12646.304,-5519902.581,3184733.897
-12644.583,-5519896.828,3184743.802
-12642.86,-5519891.047,3184753.739
-12641.11,-5519885.262,3184763.72
-12639.351,-5519879.46,3184773.721
-12637.581,-5519873.642,3184783.753
-12635.803,-5519867.817,3184793.803
-12634.028,-5519861.974,3184803.862
-12632.247,-5519856.124,3184813.951
-12630.462,-5519850.253,3184824.063
-12628.67,-5519844.37,3184834.2
-12626.891,-5519838.477,3184844.361
-12625.054,-5519832.572,3184854.521
-12623.205,-5519826.653,3184864.719
-12621.364,-5519820.729,3184874.941
-12619.562,-5519814.773,3184885.192
-12617.763,-5519808.801,3184895.482
-12615.974,-5519802.833,3184905.792
-12614.142,-5519796.862,3184916.092
-12612.289,-5519790.896,3184926.361
-12610.415,-5519784.931,3184936.603
-12608.561,-5519778.995,3184946.842
-12606.732,-5519773.056,3184957.052
-12604.935,-5519767.165,3184967.201
-12603.159,-5519761.319,3184977.25
-12601.358,-5519755.507,3184987.309
-12599.555,-5519749.635,3184997.383
-12597.752,-5519743.769,3185007.478
-12595.95,-5519737.891,3185017.606
-12594.148,-5519731.998,3185027.751
-12592.335,-5519726.089,3185037.936
-12590.517,-5519720.149,3185048.159
-12588.687,-5519714.212,3185058.389
-12586.834,-5519708.283,3185068.602
-12584.962,-5519702.367,3185078.809
-12583.09,-5519696.426,3185089.056
-12581.233,-5519690.451,3185099.342
-12579.397,-5519684.464,3185109.635
-12577.585,-5519678.482,3185119.945
-12575.768,-5519672.528,3185130.207
-12573.98,-5519666.616,3185140.372
-12572.204,-5519660.738,3185150.485
-12570.407,-5519654.888,3185160.563
-12568.61,-5519649.053,3185170.62
-12566.829,-5519643.215,3185180.68
-12565.078,-5519637.383,3185190.726
-12563.334,-5519631.56,3185200.75
-12561.594,-5519625.756,3185210.763
-12559.863,-5519619.96,3185220.758
-12558.145,-5519614.16,3185230.727
-12556.444,-5519608.373,3185240.678
-12554.711,-5519602.624,3185250.62
-12552.957,-5519596.871,3185260.527
-12551.189,-5519591.127,3185270.413
-12549.425,-5519585.397,3185280.291
-12547.671,-5519579.663,3185290.18
-12545.952,-5519573.916,3185300.084
-12544.233,-5519568.158,3185309.986
-12542.461,-5519562.396,3185319.913
-12540.661,-5519556.624,3185329.833
-12538.841,-5519550.861,3185339.763
-12537.004,-5519545.088,3185349.694
-12535.176,-5519539.32,3185359.626
-12533.398,-5519533.561,3185369.554
-12531.64,-5519527.81,3185379.475
-12529.907,-5519522.047,3185389.374
-12528.211,-5519516.306,3185399.264
-12526.531,-5519510.567,3185409.144
-12524.821,-5519504.835,3185419.015
-12523.101,-5519499.119,3185428.849
-12521.354,-5519493.447,3185438.621
-12519.609,-5519487.792,3185448.363
-12517.875,-5519482.132,3185458.086
-12516.138,-5519476.474,3185467.84
-12514.386,-5519470.807,3185477.599
-12512.616,-5519465.149,3185487.339
-12510.851,-5519459.508,3185497.06
-12509.101,-5519453.91,3185506.694
-12507.355,-5519448.361,3185516.234
-12505.624,-5519442.875,3185525.67
-12503.937,-5519437.447,3185535.022
-12502.337,-5519432.068,3185544.291
-12500.767,-5519426.696,3185553.54
-12499.195,-5519421.3,3185562.817
-12497.598,-5519415.893,3185572.143
-12495.978,-5519410.48,3185581.483
-12494.353,-5519405.062,3185590.808
-12492.748,-5519399.687,3185600.057
-12491.171,-5519394.364,3185609.225
-12489.598,-5519389.099,3185618.287
-12488.004,-5519383.852,3185627.317
-12486.387,-5519378.622,3185636.311
-12484.75,-5519373.401,3185645.294
-12483.099,-5519368.172,3185654.309
-12481.421,-5519362.911,3185663.378
-12479.736,-5519357.599,3185672.503
-12478.041,-5519352.282,3185681.669
-12476.348,-5519346.929,3185690.869
-12472.979,-5519336.161,3185709.409
-12471.27,-5519330.711,3185718.801
-12469.548,-5519325.204,3185728.258
-12467.817,-5519319.673,3185737.781
-12466.079,-5519314.119,3185747.362
-12464.326,-5519308.534,3185756.991
-12462.564,-5519302.924,3185766.66
-12460.799,-5519297.281,3185776.387
-12459.054,-5519291.625,3185786.164
-12457.335,-5519285.942,3185795.96
-12455.634,-5519280.246,3185805.773
-12453.933,-5519274.546,3185815.606
-12452.242,-5519268.824,3185825.483
-12450.546,-5519263.071,3185835.402
-12448.799,-5519257.308,3185845.334
-12447.014,-5519251.528,3185855.29
-12445.215,-5519245.747,3185865.255
-12443.432,-5519239.957,3185875.2
-12441.691,-5519234.188,3185885.156
-12440.003,-5519228.407,3185895.095
-12438.344,-5519222.645,3185905.066
-12436.696,-5519216.848,3185915.057
-12435.037,-5519211.027,3185925.058
-12433.353,-5519205.208,3185935.093
-12431.577,-5519199.379,3185945.127
-12429.753,-5519193.533,3185955.175
-12427.898,-5519187.689,3185965.236
-12426.042,-5519181.832,3185975.329
-12424.193,-5519175.981,3185985.409
-12422.349,-5519170.116,3185995.497
-12420.516,-5519164.261,3186005.573
-12418.681,-5519158.417,3186015.652
-12416.849,-5519152.572,3186025.722
-12415.015,-5519146.737,3186035.791
-12413.182,-5519140.876,3186045.829
-12411.361,-5519135.054,3186055.868
-12409.532,-5519129.243,3186065.904
-12407.696,-5519123.424,3186075.906
-12405.836,-5519117.625,3186085.882
-12403.977,-5519111.835,3186095.849
-12402.183,-5519106.043,3186105.802
-12400.438,-5519100.277,3186115.748
-12398.682,-5519094.508,3186125.681
-12396.895,-5519088.735,3186135.585
-12395.114,-5519082.993,3186145.474
-12393.344,-5519077.273,3186155.338
-12391.6,-5519071.558,3186165.177
-12389.882,-5519065.861,3186174.992
-12388.178,-5519060.176,3186184.771
-12386.484,-5519054.502,3186194.546
-12384.792,-5519048.824,3186204.317
-12383.116,-5519043.152,3186214.086
-12381.426,-5519037.471,3186223.864
-12379.729,-5519031.794,3186233.645
-12378.018,-5519026.108,3186243.421
-12376.292,-5519020.435,3186253.193
-12374.563,-5519014.752,3186262.973
-12372.828,-5519009.062,3186272.769
-12371.085,-5519003.385,3186282.558
-12369.356,-5518997.702,3186292.329
-12367.646,-5518992.026,3186302.095
-12365.963,-5518986.346,3186311.859
-12364.257,-5518980.676,3186321.624
-12362.526,-5518975.017,3186331.377
-12360.776,-5518969.364,3186341.118
-12359.03,-5518963.701,3186350.839
-12357.269,-5518958.061,3186360.55
-12355.505,-5518952.437,3186370.234
-12353.757,-5518946.821,3186379.904
-12352.028,-5518941.209,3186389.576
-12350.313,-5518935.577,3186399.229
-12348.588,-5518929.995,3186408.883
-12346.859,-5518924.388,3186418.533
-12345.151,-5518918.773,3186428.22
-12343.462,-5518913.132,3186437.926
-12341.792,-5518907.49,3186447.647
-12340.137,-5518901.819,3186457.375
-12338.491,-5518896.172,3186467.12
-12336.848,-5518890.519,3186476.863
-12335.13,-5518884.848,3186486.6
-12333.375,-5518879.198,3186496.346
-12331.621,-5518873.541,3186506.087
-12329.853,-5518867.87,3186515.837
-12328.084,-5518862.195,3186525.603
-12326.307,-5518856.519,3186535.376
-12324.531,-5518850.837,3186545.142
-12322.762,-5518845.148,3186554.948
-12320.996,-5518839.447,3186564.778
-12319.25,-5518833.715,3186574.619
-12317.503,-5518827.98,3186584.501
-12315.762,-5518822.25,3186594.384
-12314.031,-5518816.496,3186604.259
-12312.32,-5518810.752,3186614.125
-12310.614,-5518805.016,3186623.995
-12308.917,-5518799.276,3186633.867
-12307.21,-5518793.52,3186643.76
-12305.486,-5518787.775,3186653.68
-12303.758,-5518782.019,3186663.599
-12302.033,-5518776.263,3186673.519
-12300.291,-5518770.493,3186683.447
-12298.525,-5518764.724,3186693.365
-12296.724,-5518758.978,3186703.276
-12294.895,-5518753.226,3186713.172
-12293.058,-5518747.476,3186723.064
-12291.228,-5518741.743,3186732.944
-12289.408,-5518736.002,3186742.821
-12287.607,-5518730.258,3186752.699
-12285.838,-5518724.518,3186762.564
-12284.094,-5518718.788,3186772.432
-12282.372,-5518713.062,3186782.299
-12280.685,-5518707.322,3186792.155
-12279.014,-5518701.592,3186802.011
-12277.364,-5518695.876,3186811.87
-12275.744,-5518690.153,3186821.72
-12274.115,-5518684.44,3186831.546
-12272.396,-5518678.727,3186841.341
-12270.634,-5518673.043,3186851.146
-12268.83,-5518667.38,3186860.912
-12266.987,-5518661.726,3186870.636
-12265.119,-5518656.092,3186880.317
-12263.235,-5518650.524,3186889.905
-12261.331,-5518645.008,3186899.377
-12259.415,-5518639.561,3186908.757
-12257.519,-5518634.164,3186918.038
-12255.856,-5518628.813,3186927.256
-12254.319,-5518623.516,3186936.388
-12252.771,-5518618.278,3186945.416
-12251.177,-5518613.03,3186954.397
-12249.558,-5518607.784,3186963.411
-12247.915,-5518602.528,3186972.462
-12246.282,-5518597.239,3186981.558
-12244.713,-5518591.933,3186990.677
-12243.164,-5518586.63,3186999.805
-12241.57,-5518581.337,3187008.916
-12239.922,-5518576.072,3187017.981
-12238.267,-5518570.86,3187026.948
-12236.662,-5518565.696,3187035.849
-12235.125,-5518560.557,3187044.722
-12233.636,-5518555.403,3187053.573
-12232.198,-5518550.251,3187062.446
-12230.788,-5518545.089,3187071.367
-12229.284,-5518539.901,3187080.303
-12227.717,-5518534.684,3187089.295
-12226.165,-5518529.431,3187098.325
-12224.656,-5518524.174,3187107.391
-12223.172,-5518518.908,3187116.464
-12221.636,-5518513.628,3187125.554
-12220.054,-5518508.323,3187134.682
-12218.446,-5518502.999,3187143.863
-12216.814,-5518497.646,3187153.096
-12215.169,-5518492.257,3187162.361
-12213.5,-5518486.839,3187171.658
-12211.812,-5518481.408,3187181.007
-12210.106,-5518475.975,3187190.388
-12208.382,-5518470.496,3187199.806
-12206.668,-5518464.99,3187209.253
-12204.98,-5518459.488,3187218.737
-12203.316,-5518453.968,3187228.239
-12201.665,-5518448.441,3187237.762
-12200.015,-5518442.919,3187247.288
-12198.321,-5518437.383,3187256.802
-12196.619,-5518431.876,3187266.32
-12194.879,-5518426.369,3187275.827
-12193.165,-5518420.846,3187285.317
-12191.452,-5518415.325,3187294.807
-12189.736,-5518409.804,3187304.319
-12188.028,-5518404.253,3187313.853
-12186.33,-5518398.722,3187323.388
-12184.651,-5518393.194,3187332.908
-12182.979,-5518387.67,3187342.405
-12181.29,-5518382.137,3187351.907
-12179.561,-5518376.595,3187361.451
-12177.807,-5518371.012,3187371.08
-12176.057,-5518365.397,3187380.729
-12174.321,-5518359.783,3187390.365
-12172.597,-5518354.174,3187400.004
-12170.885,-5518348.6,3187409.637
-12169.181,-5518343.002,3187419.25
-12167.474,-5518337.397,3187428.851
-12165.766,-5518331.829,3187438.452
-12164.097,-5518326.289,3187448.009
-12162.466,-5518320.799,3187457.466
-12160.847,-5518315.322,3187466.886
-12159.203,-5518309.839,3187476.319
-12157.563,-5518304.34,3187485.781
-12155.916,-5518298.841,3187495.261
-12154.26,-5518293.328,3187504.743
-12152.595,-5518287.818,3187514.212
-12150.915,-5518282.338,3187523.665
-12149.24,-5518276.85,3187533.118
-12147.551,-5518271.347,3187542.569
-12145.866,-5518265.839,3187552.045
-12144.181,-5518260.306,3187561.539
-12142.489,-5518254.786,3187571.051
-12140.816,-5518249.298,3187580.522
-12139.154,-5518243.856,3187589.898
-12137.516,-5518238.486,3187599.169
-12135.876,-5518233.142,3187608.328
-12134.199,-5518227.829,3187617.444
-12132.506,-5518222.545,3187626.552
-12130.819,-5518217.25,3187635.642
-12129.167,-5518211.952,3187644.739
-12127.53,-5518206.662,3187653.847
-12125.914,-5518201.353,3187662.968
-12124.297,-5518196.04,3187672.125
-12122.678,-5518190.704,3187681.305
-12121.061,-5518185.361,3187690.503
-12119.429,-5518180.013,3187699.73
-12117.783,-5518174.643,3187708.954
-12116.126,-5518169.273,3187718.201
-12114.453,-5518163.893,3187727.455
-12112.762,-5518158.502,3187736.726
-12111.068,-5518153.106,3187746.026
-12109.377,-5518147.673,3187755.342
-12107.705,-5518142.243,3187764.695
-12106.06,-5518136.803,3187774.062
-12104.397,-5518131.357,3187783.437
-12102.749,-5518125.9,3187792.82
-12101.105,-5518120.446,3187802.221
-12099.471,-5518114.98,3187811.626
-12097.826,-5518109.483,3187821.049
-12096.149,-5518103.984,3187830.512
-12094.475,-5518098.457,3187840.019
-12092.792,-5518092.921,3187849.561
-12091.111,-5518087.373,3187859.107
-12089.424,-5518081.813,3187868.659
-12087.741,-5518076.246,3187878.218
-12086.045,-5518070.69,3187887.793
-12084.357,-5518065.127,3187897.344
-12082.665,-5518059.567,3187906.896
-12080.954,-5518054.023,3187916.442
-12079.248,-5518048.445,3187926.022
-12077.53,-5518042.866,3187935.67
-12075.81,-5518037.247,3187945.306
-12074.092,-5518031.657,3187954.893
-12072.4,-5518026.126,3187964.387
-12070.73,-5518020.675,3187973.776
-12069.073,-5518015.256,3187983.107
-12067.416,-5518009.831,3187992.452
-12065.766,-5518004.38,3188001.814
-12064.134,-5517998.925,3188011.212
-12062.502,-5517993.463,3188020.627
-12060.865,-5517987.994,3188030.04
-12059.242,-5517982.492,3188039.501
-12057.61,-5517976.952,3188049.035
-12055.981,-5517971.374,3188058.619
-12054.35,-5517965.776,3188068.25
-12052.737,-5517960.161,3188077.915
-12051.096,-5517954.523,3188087.595
-12049.429,-5517948.89,3188097.302
-12047.75,-5517943.252,3188106.998
-12046.056,-5517937.621,3188116.673
-12044.337,-5517932.034,3188126.3
-12042.55,-5517926.494,3188135.811
-12040.754,-5517920.996,3188145.25
-12038.94,-5517915.533,3188154.663
-12037.125,-5517910.084,3188164.045
-12035.346,-5517904.644,3188173.392
-12033.652,-5517899.202,3188182.739
-12032.029,-5517893.783,3188192.075
-12030.428,-5517888.388,3188201.364
-12028.857,-5517883.05,3188210.552
-12027.278,-5517877.743,3188219.655
-12025.661,-5517872.462,3188228.745
-12024.022,-5517867.163,3188237.849
-12022.388,-5517861.854,3188246.979
-12020.798,-5517856.533,3188256.116
-12019.228,-5517851.226,3188265.246
-12017.657,-5517845.908,3188274.389
-12016.088,-5517840.579,3188283.559
-12014.518,-5517835.245,3188292.738
-12012.96,-5517829.909,3188301.917
-12011.413,-5517824.589,3188311.082
-12009.765,-5517819.282,3188320.208
-12008.087,-5517813.981,3188329.32
-12006.401,-5517808.695,3188338.423
-12004.72,-5517803.401,3188347.529
-12003.053,-5517798.113,3188356.64
-12001.392,-5517792.821,3188365.739
-11999.746,-5517787.545,3188374.814
-11998.108,-5517782.317,3188383.811
-11996.493,-5517777.137,3188392.718
-11994.876,-5517771.974,3188401.613
-11993.262,-5517766.814,3188410.488
-11991.649,-5517761.644,3188419.388
-11990.054,-5517756.439,3188428.328
-11988.46,-5517751.217,3188437.311
-11986.879,-5517745.97,3188446.327
-11985.299,-5517740.709,3188455.359
-11983.705,-5517735.464,3188464.392
-11982.119,-5517730.261,3188473.334
-11980.542,-5517725.104,3188482.19
-11978.97,-5517720.006,3188490.961
-11977.392,-5517714.909,3188499.761
-11975.814,-5517709.76,3188508.632
-11974.238,-5517704.563,3188517.551
-11972.657,-5517699.355,3188526.506
-11971.072,-5517694.148,3188535.476
-11969.481,-5517688.926,3188544.407
-11967.887,-5517683.721,3188553.361
-11966.306,-5517678.52,3188562.347
-11964.717,-5517673.297,3188571.351
-11963.123,-5517668.028,3188580.435
-11961.512,-5517662.746,3188589.608
-11959.89,-5517657.446,3188598.802
-11958.263,-5517652.152,3188608.002
-11956.611,-5517646.888,3188617.214
-11884.755,-5517398.315,3189044.695
-11882.884,-5517392.174,3189055.085
-11881.035,-5517386.05,3189065.447
-11879.23,-5517379.989,3189075.768
-11877.461,-5517373.966,3189086.03
-11875.701,-5517367.991,3189096.275
-11873.952,-5517362.071,3189106.421
-11872.225,-5517356.291,3189116.366
-11870.537,-5517350.675,3189126.026
-11868.859,-5517345.212,3189135.411
-11867.21,-5517339.908,3189144.566
-11860.879,-5517319.145,3189180.23
-11857.707,-5517308.83,3189197.967
-11856.098,-5517303.662,3189206.866
-11848.206,-5517277.7,3189251.502
-11846.619,-5517272.466,3189260.497
-11845.008,-5517267.186,3189269.586
-11843.366,-5517261.892,3189278.687
-11841.707,-5517256.601,3189287.789
-11840.058,-5517251.324,3189296.874
-11836.809,-5517240.788,3189314.999
-11835.212,-5517235.579,3189323.983
-11833.599,-5517230.416,3189332.868
-11831.979,-5517225.257,3189341.719
-11830.379,-5517220.132,3189350.539
-11828.81,-5517215.021,3189359.298
-11827.256,-5517209.947,3189368.009
-11825.737,-5517204.915,3189376.664
-11824.251,-5517199.912,3189385.261
-11822.287,-5517193.301,3189396.633
-11820.334,-5517186.747,3189407.91
-11818.386,-5517180.256,3189419.057
-11816.444,-5517173.992,3189429.82
-11814.631,-5517168.151,3189439.876
-11813.02,-5517162.858,3189448.985
-11811.263,-5517157.053,3189458.965
-11809.622,-5517151.62,3189468.314
-11807.981,-5517146.457,3189477.174
-11806.204,-5517141.056,3189486.503
-11804.396,-5517135.557,3189495.977
-11802.617,-5517130.008,3189505.499
-11809.849,-5517120.709,3189521.382
-11798.493,-5517120.293,3189522.232
-11795.32,-5517115.263,3189530.892
-11793.635,-5517109.356,3189541.043
-11791.646,-5517103.761,3189550.691
-11789.554,-5517097.823,3189560.891
-11787.87,-5517092.823,3189569.497
-11786.167,-5517087.551,3189578.559
-11784.461,-5517082.03,3189588.036
-11782.706,-5517076.291,3189597.909
-11780.913,-5517070.358,3189608.123
-11779.069,-5517064.242,3189618.637
-11777.161,-5517057.958,3189629.429
-11775.124,-5517051.547,3189640.463
-11773.039,-5517045.019,3189651.696
-11771.436,-5517040.06,3189660.238
-11769.846,-5517035.009,3189668.934
-11768.267,-5517029.856,3189677.764
-11766.687,-5517024.608,3189686.765
-11765.094,-5517019.292,3189695.939
-11763.462,-5517013.873,3189705.259
-11761.789,-5517008.374,3189714.717
-11760.096,-5517002.793,3189724.288
-11758.397,-5516997.141,3189733.992
-11756.695,-5516991.437,3189743.809
-11754.964,-5516985.675,3189753.71
-11753.195,-5516979.857,3189763.69
-11751.39,-5516974.014,3189773.755
-11749.567,-5516968.138,3189783.833
-11747.742,-5516962.264,3189793.938
-11745.922,-5516956.387,3189804.047
-11744.088,-5516950.523,3189814.154
-11742.268,-5516944.674,3189824.148
-11740.488,-5516938.924,3189834.054
-11738.734,-5516933.222,3189843.845
-11737.005,-5516927.599,3189853.541
-11735.304,-5516922.019,3189863.118
-11733.631,-5516916.467,3189872.649
-11731.96,-5516910.948,3189882.165
-11730.282,-5516905.399,3189891.677
-11728.593,-5516899.858,3189901.216
-11726.919,-5516894.299,3189910.77
-11725.242,-5516888.738,3189920.335
-11723.577,-5516883.192,3189929.887
-11721.909,-5516877.639,3189939.421
-11720.244,-5516872.121,3189948.892
-11718.551,-5516866.655,3189958.282
-11716.818,-5516861.216,3189967.625
-11715.056,-5516855.785,3189976.972
-11713.288,-5516850.36,3189986.316
-11711.541,-5516844.932,3189995.639
-11709.841,-5516839.504,3190004.952
-11708.176,-5516834.092,3190014.234
-11706.529,-5516828.715,3190023.483
-11704.774,-5516823.383,3190032.665
-11703.054,-5516818.083,3190041.743
-11701.403,-5516812.851,3190050.731
-11699.806,-5516807.628,3190059.699
-11698.243,-5516802.434,3190068.655
-11696.668,-5516797.224,3190077.614
-11695.081,-5516792.024,3190086.545
-11693.492,-5516786.84,3190095.449
-11691.919,-5516781.685,3190104.34
-11690.369,-5516776.522,3190113.206
-11688.832,-5516771.353,3190122.089
-11687.306,-5516766.155,3190130.99
-11685.785,-5516760.951,3190139.956
-11684.233,-5516755.728,3190148.973
-11682.651,-5516750.461,3190157.989
-11681.051,-5516745.198,3190167.033
-11679.445,-5516739.926,3190176.094
-11677.824,-5516734.647,3190185.158
-11676.192,-5516729.369,3190194.253
-11674.552,-5516724.073,3190203.346
-11672.9,-5516718.772,3190212.461
-11671.263,-5516713.467,3190221.591
-11669.636,-5516708.148,3190230.734
-11668.025,-5516702.815,3190239.891
-11666.409,-5516697.468,3190249.094
-11664.798,-5516692.103,3190258.329
-11663.183,-5516686.715,3190267.586
-11661.562,-5516681.314,3190276.869
-11659.941,-5516675.886,3190286.161
-11658.269,-5516670.475,3190295.475
-11656.572,-5516665.055,3190304.795
-11654.897,-5516659.62,3190314.146
-11653.244,-5516654.179,3190323.51
-11651.62,-5516648.714,3190332.877
-11649.978,-5516643.254,3190342.263
-11648.313,-5516637.786,3190351.653
-11646.64,-5516632.31,3190361.055
-11644.955,-5516626.829,3190370.47
-11643.245,-5516621.345,3190379.884
-11641.533,-5516615.867,3190389.323
-11639.812,-5516610.371,3190398.74
-11638.078,-5516604.89,3190408.196
-11636.351,-5516599.381,3190417.647
-11634.656,-5516593.879,3190427.1
-11632.992,-5516588.377,3190436.554
-11631.302,-5516582.885,3190445.992
-11629.61,-5516577.387,3190455.431
-11627.953,-5516571.904,3190464.868
-11626.323,-5516566.408,3190474.323
-11624.722,-5516560.912,3190483.772
-11623.102,-5516555.396,3190493.23
-11621.467,-5516549.875,3190502.737
-11619.801,-5516544.334,3190512.277
-11618.126,-5516538.746,3190521.843
-11616.427,-5516533.155,3190531.463
-11614.713,-5516527.54,3190541.116
-11612.996,-5516521.916,3190550.789
-11611.288,-5516516.279,3190560.474
-11609.573,-5516510.63,3190570.159
-11607.861,-5516505.01,3190579.819
-11606.143,-5516499.388,3190589.479
-11604.431,-5516493.762,3190599.164
-11602.733,-5516488.123,3190608.878
-11601.053,-5516482.441,3190618.6
-11599.372,-5516476.764,3190628.369
-11597.715,-5516471.089,3190638.13
-11596.062,-5516465.393,3190647.889
-11594.422,-5516459.715,3190657.655
-11592.748,-5516454.044,3190667.425
-11590.966,-5516448.377,3190677.152
-11589.117,-5516442.718,3190686.884
-11587.24,-5516437.044,3190696.622
-11585.372,-5516431.36,3190706.376
-11583.533,-5516425.671,3190716.171
-11581.721,-5516419.962,3190725.983
-11579.931,-5516414.246,3190735.826
-11578.174,-5516408.509,3190745.675
-11576.44,-5516402.779,3190755.536
-11574.737,-5516397.024,3190765.387
-11573.054,-5516391.292,3190775.27
-11571.369,-5516385.561,3190785.126
-11569.651,-5516379.835,3190794.962
-11567.907,-5516374.112,3190804.787
-11566.144,-5516368.382,3190814.603
-11564.376,-5516362.643,3190824.448
-11562.603,-5516356.9,3190834.338
-11560.81,-5516351.116,3190844.262
-11559.016,-5516345.32,3190854.218
-11557.217,-5516339.534,3190864.184
-11555.41,-5516333.737,3190874.148
-11553.605,-5516327.984,3190884.047
-11551.827,-5516322.273,3190893.837
-11550.084,-5516316.624,3190903.534
-11548.366,-5516311.046,3190913.121
-11546.667,-5516305.517,3190922.611
-11544.987,-5516300.054,3190932.01
-11543.322,-5516294.627,3190941.308
-11541.68,-5516289.244,3190950.556
-11540.065,-5516283.863,3190959.832
-11538.479,-5516278.432,3190969.154
-11536.896,-5516272.972,3190978.528
-11535.336,-5516267.487,3190987.965
-11533.781,-5516261.96,3190997.457
-11532.148,-5516256.424,3191006.999
-11530.456,-5516250.859,3191016.565
-11528.735,-5516245.26,3191026.193
-11526.991,-5516239.626,3191035.84
-11525.194,-5516233.983,3191045.565
-11523.391,-5516228.321,3191055.318
-11521.605,-5516222.632,3191065.091
-11519.839,-5516216.915,3191074.876
-11518.097,-5516211.214,3191084.693
-11516.365,-5516205.488,3191094.528
-11514.635,-5516199.751,3191104.392
-11512.927,-5516194,3191114.264
-11511.2,-5516188.231,3191124.17
-11509.436,-5516182.467,3191134.115
-11507.649,-5516176.678,3191144.057
-11505.848,-5516170.862,3191154.011
-11504.074,-5516165.044,3191163.989
-11502.33,-5516159.223,3191174.009
-11500.6,-5516153.397,3191184.034
-11498.864,-5516147.552,3191194.046
-11497.106,-5516141.721,3191204.041
-11495.334,-5516135.925,3191214.017
-11493.559,-5516130.113,3191224.002
-11491.772,-5516124.276,3191234.01
-11489.978,-5516118.424,3191244.054
-11488.163,-5516112.554,3191254.124
-11486.338,-5516106.685,3191264.213
-11484.528,-5516100.791,3191274.306
-11482.701,-5516094.912,3191284.441
-11480.86,-5516088.978,3191294.629
-11479.019,-5516083.025,3191304.866
-11477.169,-5516077.051,3191315.12
-11475.329,-5516071.071,3191325.393
-11473.504,-5516065.099,3191335.641
-11471.668,-5516059.153,3191345.877
-11469.836,-5516053.205,3191356.085
-11468.015,-5516047.263,3191366.305
-11466.208,-5516041.319,3191376.531
-11464.399,-5516035.36,3191386.764
-11462.607,-5516029.427,3191396.971
-11460.83,-5516023.54,3191407.087
-11459.048,-5516017.682,3191417.129
-11457.267,-5516011.825,3191427.152
-11455.479,-5516005.986,3191437.214
-11453.684,-5516000.116,3191447.289
-11451.884,-5515994.248,3191457.397
-11450.084,-5515988.349,3191467.525
-11448.275,-5515982.453,3191477.67
-11446.46,-5515976.52,3191487.829
-11444.623,-5515970.593,3191498.019
-11442.769,-5515964.658,3191508.216
-11440.909,-5515958.706,3191518.41
-11439.046,-5515952.758,3191528.616
-11437.173,-5515946.816,3191538.83
-11435.298,-5515940.858,3191549.056
-11433.421,-5515934.904,3191559.277
-11431.543,-5515928.961,3191569.504
-11429.683,-5515922.994,3191579.761
-11427.863,-5515917.005,3191590.052
-11426.073,-5515911.008,3191600.36
-11424.285,-5515905.006,3191610.677
-11422.486,-5515898.992,3191620.998
-11420.661,-5515892.975,3191631.306
-11418.828,-5515886.972,3191641.631
-11416.993,-5515880.97,3191651.954
-11415.167,-5515874.96,3191662.288
-11413.329,-5515868.965,3191672.62
-11411.489,-5515862.952,3191682.944
-11409.662,-5515856.931,3191693.233
-11407.816,-5515850.953,3191703.497
-11405.955,-5515844.998,3191713.71
-11404.105,-5515839.077,3191723.889
-11402.293,-5515833.173,3191734.056
-11400.504,-5515827.245,3191744.206
-11398.735,-5515821.343,3191754.349
-11396.993,-5515815.453,3191764.488
-11395.261,-5515809.563,3191774.603
-11393.512,-5515803.697,3191784.694
-11391.751,-5515797.818,3191794.769
-11389.98,-5515791.962,3191804.836
-11388.197,-5515786.115,3191814.891
-11386.41,-5515780.268,3191824.931
-11384.618,-5515774.416,3191834.987
-11382.826,-5515768.544,3191845.063
-11381.032,-5515762.672,3191855.146
-11379.237,-5515756.781,3191865.262
-11377.445,-5515750.871,3191875.411
-11375.641,-5515744.96,3191885.57
-11373.822,-5515739.047,3191895.743
-11371.99,-5515733.13,3191905.919
-11370.154,-5515727.209,3191916.086
-11368.312,-5515721.295,3191926.245
-11366.445,-5515715.401,3191936.37
-11364.584,-5515709.529,3191946.465
-11362.75,-5515703.673,3191956.525
-11360.946,-5515697.824,3191966.545
-11359.143,-5515692.024,3191976.524
-11357.337,-5515686.259,3191986.4
-11355.519,-5515680.529,3191996.213
-11353.736,-5515674.813,3192006.029
-11351.983,-5515669.105,3192015.863
-11350.266,-5515663.387,3192025.693
-11348.584,-5515657.659,3192035.52
-11346.898,-5515651.943,3192045.348
-11345.215,-5515646.236,3192055.152
-11343.503,-5515640.554,3192064.925
-11341.761,-5515634.892,3192074.673
-11339.992,-5515629.2,3192084.364
-11338.195,-5515623.585,3192094.056
-11336.376,-5515617.969,3192103.687
-11334.551,-5515612.387,3192113.286
-11332.782,-5515606.801,3192122.841
-11331.093,-5515601.244,3192132.384
-11329.473,-5515595.712,3192141.893
-11327.87,-5515590.198,3192151.375
-11326.269,-5515584.685,3192160.817
-11324.667,-5515579.193,3192170.255
-11323.068,-5515573.718,3192179.688
-11321.472,-5515568.234,3192189.112
-11319.885,-5515562.757,3192198.519
-11318.3,-5515557.281,3192207.898
-11316.725,-5515551.844,3192217.248
-11315.068,-5515546.411,3192226.582
-11313.371,-5515540.986,3192235.899
-11311.673,-5515535.551,3192245.216
-11310,-5515530.116,3192254.526
-11308.341,-5515524.688,3192263.86
-11306.682,-5515519.238,3192273.226
-11304.999,-5515513.779,3192282.605
-11303.302,-5515508.304,3192291.976
-11301.598,-5515502.818,3192301.364
-11299.898,-5515497.351,3192310.766
-11298.214,-5515491.874,3192320.159
-11296.531,-5515486.416,3192329.567
-11294.853,-5515480.923,3192338.998
-11293.18,-5515475.403,3192348.455
-11291.496,-5515469.891,3192357.926
-11289.808,-5515464.381,3192367.4
-11288.101,-5515458.867,3192376.871
-11286.394,-5515453.363,3192386.311
-11284.674,-5515447.885,3192395.717
-11282.997,-5515442.413,3192405.109
-11281.355,-5515436.978,3192414.458
-11279.748,-5515431.59,3192423.71
-11278.149,-5515426.25,3192432.877
-11276.561,-5515420.937,3192442.011
-11275,-5515415.636,3192451.124
-11273.447,-5515410.335,3192460.217
-11271.894,-5515405.042,3192469.308
-11270.335,-5515399.74,3192478.424
-11268.779,-5515394.447,3192487.528
-11267.21,-5515389.148,3192496.621
-11265.624,-5515383.853,3192505.696
-11264.008,-5515378.585,3192514.754
-11262.374,-5515373.306,3192523.806
-11260.713,-5515368.019,3192532.876
-11259.029,-5515362.723,3192541.975
-11257.32,-5515357.399,3192551.123
-11255.611,-5515352.046,3192560.311
-11253.907,-5515346.673,3192569.526
-11252.21,-5515341.279,3192578.772
-11250.52,-5515335.88,3192588.071
-11248.843,-5515330.478,3192597.363
-11247.165,-5515325.065,3192606.628
-11245.478,-5515319.673,3192615.884
-11243.82,-5515314.289,3192625.128
-11242.183,-5515308.919,3192634.359
-11240.576,-5515303.558,3192643.564
-11238.985,-5515298.196,3192652.761
-11237.413,-5515292.847,3192661.944
-11235.861,-5515287.511,3192671.099
-11234.32,-5515282.197,3192680.224
-11232.798,-5515276.899,3192689.317
-11231.26,-5515271.625,3192698.398
-11229.68,-5515266.344,3192707.463
-11228.087,-5515261.077,3192716.528
-11226.505,-5515255.781,3192725.614
-11224.935,-5515250.474,3192734.719
-11223.38,-5515245.165,3192743.851
-11221.812,-5515239.846,3192752.974
-11220.211,-5515234.551,3192762.083
-11218.585,-5515229.263,3192771.165
-11216.926,-5515223.975,3192780.219
-11215.293,-5515218.706,3192789.246
-11213.678,-5515213.463,3192798.239
-11212.079,-5515208.251,3192807.193
-11210.485,-5515203.055,3192816.123
-11208.907,-5515197.887,3192825.001
-11207.299,-5515192.771,3192833.781
-11205.676,-5515187.706,3192842.487
-11204.046,-5515182.664,3192851.148
-11202.422,-5515177.61,3192859.814
-11200.83,-5515172.551,3192868.491
-11199.271,-5515167.508,3192877.179
-11197.737,-5515162.461,3192885.849
-11196.189,-5515157.421,3192894.508
-11194.622,-5515152.38,3192903.143
-11193.075,-5515147.359,3192911.767
-11191.56,-5515142.331,3192920.395
-11190.09,-5515137.296,3192929.038
-11188.621,-5515132.241,3192937.719
-11187.17,-5515127.144,3192946.469
-11185.696,-5515121.999,3192955.274
-11184.177,-5515116.846,3192964.132
-11182.613,-5515111.65,3192973.048
-11181.008,-5515106.423,3192982.014
-11179.378,-5515101.169,3192991.03
-11177.746,-5515095.885,3193000.098
-11176.102,-5515090.581,3193009.212
-11174.454,-5515085.248,3193018.348
-11172.793,-5515079.917,3193027.534
-11171.118,-5515074.554,3193036.738
-11169.433,-5515069.178,3193045.964
-11167.734,-5515063.786,3193055.214
-11166.034,-5515058.402,3193064.455
-11160.41,-5515040.303,3193095.532
-11158.741,-5515034.78,3193104.998
-11157.07,-5515029.277,3193114.477
-11155.373,-5515023.806,3193123.866
-11153.658,-5515018.399,3193133.164
-11151.977,-5515013.032,3193142.336
-11150.306,-5515007.728,3193151.419
-11148.674,-5515002.489,3193160.414
-11147.088,-5514997.278,3193169.367
-11145.518,-5514992.039,3193178.39
-11143.946,-5514986.719,3193187.519
-11142.347,-5514981.333,3193196.763
-11140.71,-5514975.87,3193206.125
-11139.045,-5514970.348,3193215.611
-11137.355,-5514964.767,3193225.189
-11135.645,-5514959.147,3193234.836
-11133.905,-5514953.511,3193244.536
-11132.178,-5514947.856,3193254.261
-11130.445,-5514942.166,3193264.007
-11128.704,-5514936.472,3193273.78
-11126.976,-5514930.768,3193283.57
-11125.234,-5514925.061,3193293.376
-11123.502,-5514919.355,3193303.186
-11121.777,-5514913.648,3193312.975
-11120.082,-5514907.94,3193322.764
-11118.389,-5514902.258,3193332.547
-11116.69,-5514896.564,3193342.311
-11114.994,-5514890.859,3193352.094
-11113.273,-5514885.149,3193361.904
-11111.54,-5514879.401,3193371.753
-11109.772,-5514873.65,3193381.618
-11107.983,-5514867.913,3193391.482
-11106.172,-5514862.152,3193401.326
-11104.354,-5514856.421,3193411.153
-11102.548,-5514850.709,3193420.961
-11100.736,-5514845.01,3193430.749
-11098.922,-5514839.324,3193440.496
-11097.107,-5514833.669,3193450.211
-11095.283,-5514828.041,3193459.882
-11093.477,-5514822.461,3193469.458
-11091.741,-5514816.935,3193478.934
-11090.068,-5514811.467,3193488.312
-11088.448,-5514806.059,3193497.605
-11086.85,-5514800.698,3193506.807
-11085.271,-5514795.359,3193515.977
-11083.692,-5514790.028,3193525.108
-11082.114,-5514784.704,3193534.223
-11080.53,-5514779.405,3193543.342
-11078.944,-5514774.12,3193552.433
-11077.344,-5514768.844,3193561.483
-11075.742,-5514763.57,3193570.504
-11074.156,-5514758.336,3193579.498
-11072.612,-5514753.149,3193588.401
-11071.094,-5514748.021,3193597.221
-11069.596,-5514742.907,3193606.022
-11068.123,-5514737.786,3193614.781
-11066.661,-5514732.681,3193623.539
-11065.192,-5514727.567,3193632.304
-11063.706,-5514722.456,3193641.116
-11062.207,-5514717.319,3193649.922
-11060.714,-5514712.18,3193658.725
-11059.177,-5514707.062,3193667.503
-11057.608,-5514701.973,3193676.246
-11056.002,-5514696.892,3193684.969
-11054.391,-5514691.807,3193693.69
-11052.792,-5514686.712,3193702.418
-11051.204,-5514681.606,3193711.17
-11049.612,-5514676.508,3193719.94
-11048.025,-5514671.389,3193728.742
-11046.427,-5514666.236,3193737.591
-11044.83,-5514661.058,3193746.478
-11043.217,-5514655.855,3193755.395
-11041.609,-5514650.615,3193764.369
-11039.991,-5514645.37,3193773.375
-11038.374,-5514640.117,3193782.397
-11036.76,-5514634.857,3193791.448
-11035.143,-5514629.588,3193800.498
-11033.533,-5514624.307,3193809.552
-11031.909,-5514619.008,3193818.623
-11030.297,-5514613.723,3193827.719
-11028.677,-5514608.418,3193836.817
-11027.042,-5514603.08,3193845.922
-11025.418,-5514597.774,3193855.054
-11023.791,-5514592.447,3193864.203
-11022.165,-5514587.106,3193873.358
-11020.535,-5514581.76,3193882.564
-11018.913,-5514576.408,3193891.819
-11017.273,-5514571.05,3193901.089
-11015.604,-5514565.699,3193910.395
-11013.927,-5514560.335,3193919.73
-10862.376,-5514063.486,3194772.19
-10860.458,-5514057.252,3194782.731
-10858.542,-5514051.082,3194793.208
-10856.658,-5514044.952,3194803.601
-10854.794,-5514038.877,3194813.978
-10852.971,-5514032.827,3194824.34
-10851.157,-5514026.801,3194834.669
-10849.366,-5514020.83,3194844.947
-10847.594,-5514014.904,3194855.106
-10845.831,-5514009.049,3194865.151
-10844.084,-5514003.222,3194875.108
-10842.343,-5513997.438,3194885.016
-10840.609,-5513991.685,3194894.894
-10838.889,-5513985.977,3194904.706
-10837.186,-5513980.331,3194914.421
-10835.474,-5513974.741,3194924.029
-10833.712,-5513969.191,3194933.517
-10831.926,-5513963.72,3194942.909
-10830.16,-5513958.299,3194952.213
-10828.422,-5513952.918,3194961.416
-10826.702,-5513947.616,3194970.51
-10825.028,-5513942.345,3194979.523
-10823.383,-5513937.111,3194988.529
-10821.745,-5513931.872,3194997.522
-10820.13,-5513926.624,3195006.52
-10818.528,-5513921.357,3195015.553
-10816.928,-5513916.066,3195024.612
-10815.277,-5513910.757,3195033.732
-10813.639,-5513905.448,3195042.867
-10812,-5513900.073,3195052.019
-10810.348,-5513894.703,3195061.243
-10808.682,-5513889.282,3195070.535
-10807.004,-5513883.834,3195079.904
-10805.307,-5513878.344,3195089.311
-10803.6,-5513872.826,3195098.758
-10801.926,-5513867.289,3195108.235
-10800.263,-5513861.749,3195117.747
-10798.61,-5513856.203,3195127.295
-10796.958,-5513850.636,3195136.815
-10795.309,-5513845.091,3195146.332
-10793.632,-5513839.559,3195155.812
-10791.949,-5513834.043,3195165.285
-10790.306,-5513828.539,3195174.736
-10788.694,-5513823.024,3195184.198
-10787.102,-5513817.475,3195193.722
-10785.491,-5513811.878,3195203.334
-10783.838,-5513806.224,3195213.014
-10782.136,-5513800.547,3195222.763
-10780.387,-5513794.84,3195232.54
-10778.631,-5513789.126,3195242.335
-10776.862,-5513783.421,3195252.128
-10775.097,-5513777.723,3195261.91
-10773.309,-5513772.009,3195271.694
-10771.524,-5513766.296,3195281.489
-10769.755,-5513760.57,3195291.319
-10767.989,-5513754.81,3195301.199
-10766.225,-5513749.027,3195311.127
-10764.457,-5513743.216,3195321.058
-10762.705,-5513737.401,3195331.027
-10760.953,-5513731.577,3195341.03
-10759.2,-5513725.735,3195351.039
-10757.459,-5513719.896,3195361.062
-10755.73,-5513714.051,3195371.078
-10753.979,-5513708.198,3195381.136
-10752.226,-5513702.326,3195391.207
-10750.466,-5513696.45,3195401.285
-10748.723,-5513690.561,3195411.367
-10746.974,-5513684.689,3195421.462
-10745.231,-5513678.819,3195431.539
-10743.467,-5513672.937,3195441.607
-10741.679,-5513667.078,3195451.658
-10739.881,-5513661.223,3195461.694
-10738.051,-5513655.376,3195471.728
-10736.223,-5513649.524,3195481.763
-10734.405,-5513643.678,3195491.813
-10732.589,-5513637.814,3195501.877
-10730.779,-5513631.95,3195511.931
-10728.983,-5513626.069,3195521.986
-10727.187,-5513620.193,3195532.022
-10725.407,-5513614.344,3195542.031
-10723.629,-5513608.522,3195552.032
-10721.863,-5513602.73,3195561.981
-10720.09,-5513596.938,3195571.899
-10718.334,-5513591.152,3195581.822
-10716.588,-5513585.389,3195591.716
-10714.828,-5513579.626,3195601.606
-10713.078,-5513573.863,3195611.476
-10711.329,-5513568.121,3195621.319
-10709.594,-5513562.388,3195631.158
-10707.841,-5513556.664,3195640.984
-10706.109,-5513550.954,3195650.78
-10704.356,-5513545.213,3195660.606
-10702.549,-5513539.463,3195670.475
-10700.714,-5513533.7,3195680.391
-10698.883,-5513527.9,3195690.297
-10697.089,-5513522.116,3195700.202
-10695.316,-5513516.344,3195710.118
-10693.561,-5513510.575,3195720.024
-10691.825,-5513504.802,3195729.915
-10690.088,-5513499.035,3195739.808
-10688.325,-5513493.278,3195749.672
-10686.536,-5513487.55,3195759.498
-10684.727,-5513481.839,3195769.282
-10682.926,-5513476.139,3195779.024
-10681.158,-5513470.469,3195788.749
-10679.413,-5513464.812,3195798.448
-10677.692,-5513459.175,3195808.114
-10675.98,-5513453.554,3195817.741
-10674.303,-5513447.962,3195827.342
-10672.641,-5513442.394,3195836.904
-10671,-5513436.858,3195846.39
-10669.356,-5513431.35,3195855.843
-10667.705,-5513425.818,3195865.321
-10666.053,-5513420.27,3195874.84
-10664.401,-5513414.719,3195884.36
-10662.759,-5513409.179,3195893.861
-10661.119,-5513403.641,3195903.338
-10659.481,-5513398.123,3195912.802
-10657.771,-5513392.633,3195922.235
-10656.026,-5513387.166,3195931.626
-10654.284,-5513381.695,3195940.962
-10652.552,-5513376.261,3195950.289
-10650.821,-5513370.854,3195959.588
-10649.061,-5513365.449,3195968.864
-10647.338,-5513360.035,3195978.144
-10645.649,-5513354.616,3195987.441
-10643.987,-5513349.192,3195996.733
-10642.33,-5513343.744,3196006.013
-10640.652,-5513338.339,3196015.289
-10638.939,-5513332.958,3196024.558
-10637.241,-5513327.559,3196033.811
-10635.625,-5513322.153,3196043.083
-10634.06,-5513316.737,3196052.377
-10632.517,-5513311.305,3196061.679
-10630.994,-5513305.855,3196071.001
-10629.406,-5513300.39,3196080.353
-10627.778,-5513294.926,3196089.748
-10626.119,-5513289.432,3196099.155
-10624.448,-5513283.921,3196108.592
-10622.778,-5513278.412,3196118.052
-10621.107,-5513272.864,3196127.525
-10619.439,-5513267.329,3196137.034
-10617.773,-5513261.762,3196146.569
-10616.117,-5513256.186,3196156.139
-10614.466,-5513250.598,3196165.728
-10612.814,-5513245.002,3196175.333
-10611.135,-5513239.383,3196184.941
-10609.444,-5513233.771,3196194.588
-10607.734,-5513228.116,3196204.28
-10606.011,-5513222.432,3196214.019
-10602.541,-5513210.986,3196233.618
-10600.813,-5513205.237,3196243.487
-10599.084,-5513199.48,3196253.378
-10597.331,-5513193.704,3196263.272
-10595.565,-5513187.924,3196273.176
-10593.79,-5513182.137,3196283.078
-10591.982,-5513176.355,3196292.992
-10590.151,-5513170.552,3196302.926
-10588.313,-5513164.77,3196312.843
-10586.497,-5513159.034,3196322.689
-10584.748,-5513153.29,3196332.524
-10581.388,-5513141.725,3196352.349
-10576.301,-5513124.225,3196382.408
-10574.604,-5513118.374,3196392.403
-10572.813,-5513112.537,3196402.42
-10570.955,-5513106.677,3196412.446
-10569.055,-5513100.802,3196422.486
-10567.132,-5513094.94,3196432.553
-10565.2,-5513089.061,3196442.617
-10559.625,-5513071.426,3196472.838
-10557.882,-5513065.562,3196482.92
-10552.668,-5513047.971,3196513.077
-10550.956,-5513042.105,3196523.116
-10549.212,-5513036.219,3196533.196
-10547.425,-5513030.329,3196543.305
-10545.613,-5513024.421,3196553.434
-10543.784,-5513018.502,3196563.574
-10541.939,-5513012.574,3196573.72
-10540.079,-5513006.655,3196583.87
-10538.249,-5513000.78,3196593.955
-10536.438,-5512994.958,3196603.951
-10534.664,-5512989.178,3196613.848
-10532.908,-5512983.435,3196623.685
-10531.163,-5512977.688,3196633.528
-10527.674,-5512966.101,3196653.387
-10525.937,-5512960.264,3196663.421
-10524.193,-5512954.377,3196673.517
-10522.44,-5512948.475,3196683.627
-10520.668,-5512942.582,3196693.733
-10518.889,-5512936.682,3196703.833
-10517.102,-5512930.807,3196713.909
-10515.34,-5512924.923,3196723.966
-10513.583,-5512919.069,3196734.005
-10511.816,-5512913.228,3196744.015
-10510,-5512907.412,3196754.008
-10508.172,-5512901.58,3196763.999
-10506.339,-5512895.734,3196774.001
-10504.492,-5512889.876,3196784.047
-10502.648,-5512884.019,3196794.112
-10500.822,-5512878.14,3196804.202
-10499.011,-5512872.243,3196814.283
-10497.201,-5512866.371,3196824.368
-10495.396,-5512860.5,3196834.426
-10493.571,-5512854.639,3196844.475
-10491.758,-5512848.738,3196854.573
-10489.958,-5512842.8,3196864.743
-10488.166,-5512836.814,3196875.003
-10486.353,-5512830.794,3196885.345
-10484.527,-5512824.735,3196895.7
-10482.688,-5512818.673,3196906.094
-10480.838,-5512812.611,3196916.523
-10478.983,-5512806.521,3196926.955
-10477.122,-5512800.411,3196937.382
-10475.266,-5512794.304,3196947.827
-10473.412,-5512788.19,3196958.312
-10471.567,-5512782.062,3196968.836
-10469.717,-5512775.908,3196979.401
-10467.877,-5512769.717,3196989.979
-10466.01,-5512763.533,3197000.573
-10464.128,-5512757.355,3197011.166
-10462.244,-5512751.178,3197021.765
-10460.366,-5512744.985,3197032.36
-10458.5,-5512738.794,3197042.982
-10456.638,-5512732.591,3197053.615
-10454.772,-5512726.389,3197064.267
-10452.912,-5512720.176,3197074.927
-10451.041,-5512713.959,3197085.578
-10449.166,-5512707.727,3197096.238
-10447.282,-5512701.508,3197106.898
-10445.363,-5512695.302,3197117.547
-10443.428,-5512689.077,3197128.175
-10441.486,-5512682.898,3197138.787
-10439.544,-5512676.721,3197149.375
-10437.605,-5512670.574,3197159.929
-10435.66,-5512664.444,3197170.442
-10433.732,-5512658.329,3197180.908
-10431.826,-5512652.236,3197191.348
-10429.954,-5512646.201,3197201.712
-10428.106,-5512640.218,3197211.973
-10426.277,-5512634.295,3197222.128
-10424.477,-5512628.401,3197232.171
-10422.692,-5512622.565,3197242.189
-10420.924,-5512616.763,3197252.171
-10419.149,-5512610.969,3197262.132
-10417.367,-5512605.171,3197272.049
-10415.553,-5512599.386,3197281.936
-10413.76,-5512593.628,3197291.815
-10411.972,-5512587.875,3197301.671
-10410.199,-5512582.149,3197311.508
-10408.434,-5512576.408,3197321.325
-10406.683,-5512570.691,3197331.129
-10404.934,-5512564.987,3197340.902
-10403.195,-5512559.309,3197350.652
-10401.468,-5512553.62,3197360.379
-10399.759,-5512547.95,3197370.072
-10398.061,-5512542.301,3197379.763
-10396.373,-5512536.65,3197389.434
-10394.696,-5512531,3197399.118
-10393.003,-5512525.325,3197408.812
-10391.298,-5512519.666,3197418.526
-10389.597,-5512513.991,3197428.242
-10380.524,-5512483.586,3197480.364
-10378.854,-5512477.924,3197490.084
-10377.191,-5512472.316,3197499.705
-10375.532,-5512466.757,3197509.231
-10373.889,-5512461.247,3197518.642
-10372.201,-5512455.814,3197527.945
-10370.497,-5512450.444,3197537.14
-10368.802,-5512445.13,3197546.25
-10367.112,-5512439.859,3197555.25
-10365.42,-5512434.636,3197564.202
-10363.757,-5512429.417,3197573.171
-10362.124,-5512424.132,3197582.205
-10360.494,-5512418.776,3197591.361
-10358.878,-5512413.388,3197600.63
-10357.213,-5512407.92,3197609.984
-10355.538,-5512402.408,3197619.425
-10353.849,-5512396.867,3197628.94
-10352.164,-5512391.292,3197638.502
-10350.484,-5512385.656,3197648.113
-10348.796,-5512379.99,3197657.855
-10347.107,-5512374.262,3197667.674
-10345.413,-5512368.485,3197677.564
-10343.713,-5512362.682,3197687.503
-10342.01,-5512356.865,3197697.486
-10340.307,-5512351.027,3197707.461
-10338.6,-5512345.21,3197717.438
-10336.856,-5512339.397,3197727.398
-10335.083,-5512333.592,3197737.349
-10333.276,-5512327.758,3197747.34
-10331.455,-5512321.872,3197757.407
-10329.62,-5512315.943,3197767.562
-10327.782,-5512310.006,3197777.754
-10325.942,-5512304.06,3197787.945
-10324.097,-5512298.093,3197798.139
-10322.268,-5512292.137,3197808.33
-10320.47,-5512286.198,3197818.518
-10318.713,-5512280.263,3197828.683
-10316.961,-5512274.356,3197838.817
-10315.181,-5512268.461,3197848.913
-10313.405,-5512262.594,3197858.966
-10311.652,-5512256.737,3197868.982
-10309.936,-5512250.908,3197878.963
-10308.24,-5512245.095,3197888.927
-10306.472,-5512239.318,3197898.88
-10304.682,-5512233.512,3197908.812
-10302.897,-5512227.706,3197918.75
-10301.138,-5512221.884,3197928.702
-10299.39,-5512216.069,3197938.671
-10297.617,-5512210.249,3197948.636
-10295.8,-5512204.461,3197958.562
-10293.991,-5512198.675,3197968.46
-10292.21,-5512192.935,3197978.289
-10290.454,-5512187.26,3197988.01
-10288.721,-5512181.645,3197997.645
-10287.012,-5512176.084,3198007.172
-10285.321,-5512170.585,3198016.614
-10283.648,-5512165.086,3198025.999
-10281.985,-5512159.613,3198035.389
-10280.325,-5512154.133,3198044.775
-10278.672,-5512148.657,3198054.146
-10277.03,-5512143.178,3198063.518
-10275.392,-5512137.712,3198072.89
-10273.765,-5512132.244,3198082.256
-10272.104,-5512126.772,3198091.607
-10270.42,-5512121.316,3198100.961
-10268.721,-5512115.874,3198110.301
-10267.016,-5512110.429,3198119.634
-10265.316,-5512104.994,3198128.96
-10263.649,-5512099.554,3198138.267
-10261.989,-5512094.126,3198147.547
-10260.346,-5512088.74,3198156.778
-10258.737,-5512083.404,3198165.898
-10257.142,-5512078.127,3198174.959
-10255.555,-5512072.857,3198183.972
-10253.944,-5512067.608,3198192.976
-10252.326,-5512062.367,3198201.948
-10250.693,-5512057.143,3198210.898
-10249.058,-5512051.942,3198219.828
-10247.423,-5512046.738,3198228.74
-10245.811,-5512041.53,3198237.648
-10244.218,-5512036.331,3198246.553
-10242.647,-5512031.143,3198255.454
-10241.081,-5512025.937,3198264.366
-10239.516,-5512020.703,3198273.312
-10237.932,-5512015.446,3198282.314
-10236.335,-5512010.169,3198291.358
-10234.74,-5512004.878,3198300.433
-10233.127,-5511999.568,3198309.516
-10231.512,-5511994.251,3198318.635
-10229.902,-5511988.923,3198327.759
-10228.319,-5511983.613,3198336.9
-10226.772,-5511978.268,3198346.032
-10225.173,-5511972.922,3198355.161
-10223.528,-5511967.578,3198364.3
-10221.86,-5511962.242,3198373.461
-10220.179,-5511956.863,3198382.67
-10218.508,-5511951.441,3198391.927
-10216.835,-5511946.007,3198401.236
-10215.15,-5511940.554,3198410.589
-10213.459,-5511935.081,3198419.963
-10211.774,-5511929.598,3198429.352
-10210.102,-5511924.124,3198438.752
-10208.444,-5511918.638,3198448.138
-10206.762,-5511913.153,3198457.511
-10205.068,-5511907.678,3198466.871
-10203.37,-5511902.21,3198476.255
-10201.659,-5511896.705,3198485.674
-10199.95,-5511891.171,3198495.159
-10198.244,-5511885.612,3198504.669
-10196.55,-5511880.054,3198514.223
-10194.863,-5511874.467,3198523.781
-10193.193,-5511868.897,3198533.319
-10191.539,-5511863.351,3198542.829
-10189.893,-5511857.842,3198552.252
-10188.269,-5511852.38,3198561.602
-10186.64,-5511846.939,3198570.939
-10185.023,-5511841.457,3198580.317
-10183.389,-5511835.956,3198589.75
-10181.742,-5511830.425,3198599.228
-10180.094,-5511824.853,3198608.772
-10178.423,-5511819.264,3198618.368
-10176.733,-5511813.635,3198627.981
-10175.02,-5511808.01,3198637.629
-10173.297,-5511802.357,3198647.289
-10171.586,-5511796.745,3198656.936
-10169.869,-5511791.167,3198666.49
-10168.129,-5511785.597,3198675.993
-10166.373,-5511780.025,3198685.526
-10164.607,-5511774.443,3198695.105
-10162.846,-5511768.827,3198704.715
-10161.086,-5511763.201,3198714.333
-10159.312,-5511757.583,3198723.939
-10157.546,-5511751.978,3198733.541
-10155.795,-5511746.384,3198743.11
-10154.044,-5511740.821,3198752.637
-10152.293,-5511735.274,3198762.135
-10150.542,-5511729.761,3198771.586
-10148.826,-5511724.295,3198780.938
-10147.139,-5511718.888,3198790.198
-10145.489,-5511713.535,3198799.385
-10143.859,-5511708.163,3198808.548
-10142.26,-5511702.784,3198817.752
-10140.675,-5511697.387,3198826.998
-10139.084,-5511691.992,3198836.28
-10137.491,-5511686.574,3198845.547
-10135.882,-5511681.169,3198854.791
-10134.266,-5511675.773,3198864.018
-10132.647,-5511670.407,3198873.239
-10131.031,-5511665.037,3198882.431
-10129.435,-5511659.663,3198891.576
-10127.861,-5511654.34,3198900.702
-10126.317,-5511649.072,3198909.75
-10124.802,-5511643.847,3198918.691
-10123.275,-5511638.646,3198927.606
-10121.733,-5511633.384,3198936.603
-10120.135,-5511628.069,3198945.722
-10118.536,-5511622.706,3198954.919
-10116.932,-5511617.31,3198964.133
-10115.321,-5511611.915,3198973.414
-10113.653,-5511606.482,3198982.713
-10111.96,-5511601.052,3198992.036
-10110.264,-5511595.596,3199001.379
-10108.564,-5511590.125,3199010.741
-10106.864,-5511584.647,3199020.114
-10105.164,-5511579.152,3199029.513
-10103.453,-5511573.637,3199038.951
-10101.732,-5511568.098,3199048.424
-10100,-5511562.546,3199057.927
-10098.276,-5511556.983,3199067.456
-10096.554,-5511551.427,3199076.976
-10094.86,-5511545.889,3199086.451
-10093.174,-5511540.37,3199095.918
-10091.499,-5511534.841,3199105.369
-10089.819,-5511529.31,3199114.817
-10088.13,-5511523.796,3199124.255
-10086.446,-5511518.314,3199133.698
-10084.761,-5511512.814,3199143.1
-10083.094,-5511507.314,3199152.49
-10081.443,-5511501.842,3199161.869
-10079.805,-5511496.373,3199171.232
-10078.166,-5511490.892,3199180.595
-10076.52,-5511485.409,3199189.982
-10074.866,-5511479.926,3199199.387
-10073.218,-5511474.441,3199208.764
-10071.556,-5511468.962,3199218.141
-10069.882,-5511463.496,3199227.51
-10068.206,-5511458.029,3199236.84
-10066.543,-5511452.596,3199246.152
-10064.881,-5511447.185,3199255.43
-10063.236,-5511441.794,3199264.685
-10061.594,-5511436.405,3199273.905
-10059.961,-5511431.039,3199283.099
-10058.323,-5511425.685,3199292.256
-10056.688,-5511420.355,3199301.375
-10055.064,-5511415.056,3199310.469
-10053.439,-5511409.752,3199319.553
-10051.828,-5511404.4,3199328.677
-10050.219,-5511399.043,3199337.851
-10048.563,-5511393.682,3199347.054
-10046.89,-5511388.308,3199356.243
-10045.228,-5511382.946,3199365.415
-10043.581,-5511377.582,3199374.571
-10041.941,-5511372.257,3199383.718
-10040.298,-5511366.919,3199392.832
-10038.654,-5511361.578,3199401.966
-10037.013,-5511356.241,3199411.141
-10035.375,-5511350.885,3199420.314
-10033.745,-5511345.535,3199429.486
-10032.11,-5511340.157,3199438.682
-10030.48,-5511334.756,3199447.927
-10028.855,-5511329.344,3199457.178
-10027.228,-5511323.943,3199466.436
-10025.598,-5511318.523,3199475.689
-10023.97,-5511313.095,3199484.965
-10022.336,-5511307.661,3199494.282
-10020.69,-5511302.191,3199503.615
-10019.049,-5511296.747,3199512.964
-10017.399,-5511291.3,3199522.296
-10015.745,-5511285.854,3199531.633
-10014.104,-5511280.424,3199540.921
-10012.448,-5511275.006,3199550.206
-10010.78,-5511269.593,3199559.465
-10009.098,-5511264.19,3199568.705
-10007.43,-5511258.806,3199577.913
-10005.748,-5511253.443,3199587.101
-10004.078,-5511248.101,3199596.251
-10002.421,-5511242.799,3199605.378
-10000.768,-5511237.52,3199614.464
-9999.16,-5511232.288,3199623.519
-9997.572,-5511227.08,3199632.544
-9995.987,-5511221.886,3199641.576
-9994.425,-5511216.676,3199650.647
-9920.155,-5510972.98,3200067.761
-9918.508,-5510967.542,3200076.896
-9916.846,-5510962.074,3200086.1
-9915.188,-5510956.614,3200095.354
-9913.546,-5510951.116,3200104.668
-9911.913,-5510945.581,3200114.068
-9910.299,-5510940.017,3200123.547
-9907.031,-5510928.838,3200142.663
-9905.327,-5510923.23,3200152.265
-9903.546,-5510917.611,3200161.878
-9901.747,-5510911.981,3200171.523
-9899.937,-5510906.332,3200181.191
-9898.139,-5510900.675,3200190.874
-9896.374,-5510894.997,3200200.596
-9894.649,-5510889.303,3200210.33
-9892.959,-5510883.603,3200220.087
-9885.998,-5510860.603,3200259.442
-9884.242,-5510854.779,3200269.426
-9882.492,-5510848.92,3200279.451
-9880.746,-5510843.042,3200289.517
-9879.008,-5510837.163,3200299.574
-9877.275,-5510831.286,3200309.628
-9875.538,-5510825.406,3200319.682
-9870.166,-5510807.677,3200350.019
-9868.347,-5510801.7,3200360.25
-9864.658,-5510789.639,3200380.908
-9862.786,-5510783.555,3200391.324
-9860.905,-5510777.468,3200401.749
-9859.015,-5510771.381,3200412.155
-9857.136,-5510765.347,3200422.5
-9855.274,-5510759.344,3200432.755
-9853.429,-5510753.373,3200442.998
-9851.598,-5510747.386,3200453.265
-9849.773,-5510741.359,3200463.567
-9847.953,-5510735.308,3200473.896
-9846.126,-5510729.253,3200484.241
-9844.301,-5510723.2,3200494.604
-9842.473,-5510717.13,3200504.985
-9840.624,-5510711.026,3200515.419
-9838.761,-5510704.889,3200525.916
-9836.885,-5510698.732,3200536.445
-9835.007,-5510692.574,3200546.996
-9833.122,-5510686.404,3200557.549
-9829.366,-5510674.092,3200578.607
-9821.975,-5510649.595,3200620.529
-9820.125,-5510643.394,3200631.165
-9818.261,-5510637.123,3200641.866
-9814.486,-5510624.501,3200663.47
-9810.674,-5510611.858,3200685.099
-9806.845,-5510599.238,3200706.686
-9795.177,-5510561.512,3200771.245
-9766.69,-5510467.472,3200932.143
-9764.8,-5510461.246,3200942.793
-9762.87,-5510455.032,3200953.419
-9760.916,-5510448.84,3200964.019
-9655.634,-5510101.725,3201557.797
-9395.234,-5509247.24,3203018.865
-9383.786,-5509208.786,3203084.608
-9382.103,-5509203.228,3203094.106
-9380.431,-5509197.64,3203103.656
-9378.757,-5509192.014,3203113.27
-9377.087,-5509186.352,3203122.94
-9375.414,-5509180.667,3203132.656
-9373.754,-5509174.969,3203142.404
-9372.099,-5509169.259,3203152.16
-9370.425,-5509163.539,3203161.94
-9356.137,-5509117.802,3203240.117
-9354.213,-5509112.088,3203249.891
-9352.262,-5509106.362,3203259.713
-9350.395,-5509100.589,3203269.575
-9348.612,-5509094.779,3203279.461
-9339.898,-5509065.912,3203328.806
-9338.216,-5509060.164,3203338.623
-9336.559,-5509054.437,3203348.427
-9334.914,-5509048.717,3203358.226
-9333.27,-5509042.967,3203368.044
-9331.62,-5509037.204,3203377.9
-9329.962,-5509031.422,3203387.764
-9328.281,-5509025.636,3203397.633
-9326.582,-5509019.859,3203407.51
-9319.463,-5508996.667,3203447.138
-9317.626,-5508990.794,3203457.183
-9315.782,-5508984.932,3203467.229
-9313.926,-5508979.067,3203477.249
-9312.079,-5508973.207,3203487.249
-9310.246,-5508967.353,3203497.238
-9304.879,-5508949.851,3203527.149
-9303.159,-5508944.048,3203537.083
-9301.501,-5508938.258,3203546.983
-9299.889,-5508932.489,3203556.857
-9298.285,-5508926.721,3203566.713
-9296.7,-5508920.921,3203576.597
-9295.112,-5508915.095,3203586.559
-9293.525,-5508909.235,3203596.587
-9290.24,-5508897.434,3203616.731
-9288.529,-5508891.52,3203626.839
-9283.322,-5508873.744,3203657.21
-9281.617,-5508867.813,3203667.348
-9279.917,-5508861.865,3203677.507
-9278.215,-5508855.891,3203687.719
-9276.506,-5508849.896,3203697.967
-9274.798,-5508843.898,3203708.227
-9273.089,-5508837.897,3203718.487
-9271.37,-5508831.889,3203728.744
-9269.671,-5508825.879,3203738.998
-9266.271,-5508813.9,3203759.481
-9264.55,-5508807.893,3203769.749
-9262.798,-5508801.851,3203780.067
-9261.039,-5508795.82,3203790.381
-9259.291,-5508789.78,3203800.695
-9257.55,-5508783.739,3203811.021
-9255.82,-5508777.67,3203821.395
-9254.089,-5508771.587,3203831.799
-9252.367,-5508765.485,3203842.233
-9250.638,-5508759.377,3203852.674
-9248.9,-5508753.279,3203863.097
-9247.157,-5508747.176,3203873.518
-9245.416,-5508741.069,3203883.966
-9243.662,-5508734.919,3203894.464
-9241.915,-5508728.746,3203905.012
-9240.186,-5508722.551,3203915.583
-9238.44,-5508716.363,3203926.164
-9236.668,-5508710.167,3203936.741
-9234.89,-5508703.993,3203947.307
-9233.107,-5508697.831,3203957.833
-9231.328,-5508691.687,3203968.31
-9229.568,-5508685.576,3203978.754
-9227.823,-5508679.474,3203989.168
-9226.09,-5508673.411,3203999.535
-9224.367,-5508667.374,3204009.868
-9222.658,-5508661.351,3204020.152
-9220.956,-5508655.361,3204030.384
-9219.266,-5508649.414,3204040.556
-9217.596,-5508643.528,3204050.614
-9215.94,-5508637.707,3204060.575
-9214.301,-5508631.937,3204070.435
-9212.684,-5508626.208,3204080.2
-9211.066,-5508620.518,3204089.949
-9209.466,-5508614.841,3204099.634
-9207.87,-5508609.175,3204109.285
-9206.267,-5508603.537,3204118.924
-9204.662,-5508597.909,3204128.521
-9203.034,-5508592.325,3204138.094
-9201.396,-5508586.748,3204147.632
-9199.748,-5508581.18,3204157.13
-9198.091,-5508575.654,3204166.584
-9196.447,-5508570.138,3204176.002
-9194.809,-5508564.637,3204185.378
-9193.177,-5508559.166,3204194.725
-9191.558,-5508553.703,3204204.064
-9189.966,-5508548.25,3204213.393
-9188.379,-5508542.801,3204222.718
-9186.795,-5508537.321,3204232.076
-9185.209,-5508531.82,3204241.487
-9183.625,-5508526.297,3204250.917
-9182.051,-5508520.753,3204260.366
-9180.476,-5508515.21,3204269.825
-9178.91,-5508509.669,3204279.315
-9177.347,-5508504.112,3204288.813
-9175.781,-5508498.567,3204298.319
-9174.209,-5508493.003,3204307.818
-9172.634,-5508487.443,3204317.304
-9171.069,-5508481.874,3204326.791
-9169.492,-5508476.291,3204336.337
-9167.912,-5508470.688,3204345.905
-9166.306,-5508465.081,3204355.492
-9164.706,-5508459.472,3204365.088
-9163.092,-5508453.84,3204374.709
-9161.461,-5508448.169,3204384.384
-9159.832,-5508442.468,3204394.128
-9158.189,-5508436.734,3204403.903
-9156.552,-5508430.988,3204413.698
-9154.905,-5508425.251,3204423.528
-9153.264,-5508419.497,3204433.378
-9151.603,-5508413.711,3204443.259
-9149.945,-5508407.932,3204453.139
-9148.295,-5508402.16,3204462.997
-9146.653,-5508396.404,3204472.84
-9145.001,-5508390.634,3204482.653
-9143.34,-5508384.887,3204492.482
-9141.688,-5508379.136,3204502.299
-9140.035,-5508373.366,3204512.133
-9138.397,-5508367.58,3204522.03
-9136.763,-5508361.778,3204531.937
-9135.142,-5508355.972,3204541.86
-9133.525,-5508350.178,3204551.788
-9131.897,-5508344.367,3204561.71
-9130.247,-5508338.553,3204571.644
-9128.574,-5508332.75,3204581.58
-9126.889,-5508326.913,3204591.508
-9125.183,-5508321.089,3204601.456
-9123.493,-5508315.268,3204611.396
-9121.792,-5508309.443,3204621.349
-9120.103,-5508303.595,3204631.335
-9118.381,-5508297.733,3204641.359
-9116.667,-5508291.851,3204651.4
-9114.945,-5508285.987,3204661.442
-9113.225,-5508280.113,3204671.473
-9111.522,-5508274.244,3204681.495
-9109.835,-5508268.389,3204691.505
-9108.176,-5508262.519,3204701.488
-9106.53,-5508256.685,3204711.466
-9104.903,-5508250.873,3204721.408
-9103.26,-5508245.044,3204731.355
-9101.619,-5508239.185,3204741.355
-9099.979,-5508233.311,3204751.39
-9098.342,-5508227.436,3204761.438
-9096.67,-5508221.559,3204771.468
-9094.979,-5508215.688,3204781.514
-9093.278,-5508209.78,3204791.588
-9091.576,-5508203.891,3204801.673
-9089.862,-5508197.982,3204811.728
-9088.141,-5508192.091,3204821.789
-9086.442,-5508186.213,3204831.825
-9084.735,-5508180.334,3204841.847
-9083.052,-5508174.475,3204851.849
-9081.373,-5508168.61,3204861.862
-9079.703,-5508162.75,3204871.885
-9078.025,-5508156.877,3204881.92
-9076.335,-5508150.997,3204891.985
-9074.638,-5508145.088,3204902.045
-9071.279,-5508133.329,3204922.138
-9069.625,-5508127.492,3204932.12
-9067.982,-5508121.701,3204942
-9066.357,-5508115.961,3204951.789
-9064.74,-5508110.286,3204961.474
-9061.544,-5508099.107,3204980.55
-9056.892,-5508082.792,3205008.434
-9055.359,-5508077.493,3205017.54
-9053.83,-5508072.241,3205026.525
-9052.312,-5508067.071,3205035.416
-9050.807,-5508061.933,3205044.203
-9049.325,-5508056.827,3205052.879
-9047.88,-5508051.724,3205061.5
